date,time,user,account,amount,description
2025-02-01,03:35:16,guerreroashley,1001-Cash,-47498.92,Scene there much reach.
2025-03-04,15:24:28,jennifermiller,5001-COGS,-25510.81,Anything care today possible seek vote form.
2024-10-21,21:49:39,kmcbride,4001-Revenue,23647.12,Politics remain factor reason boy.
2025-03-20,09:57:20,jose05,3001-Equity,-41306.12,Time way body cultural game floor.
2024-12-06,19:53:47,elowe,2001-AP,-46821.73,Reveal gas cut water most actually think great.
2025-03-06,20:55:10,brian47,1001-Cash,-28136.2,Though student not more arm catch blue one.
2025-02-13,19:43:59,katrina33,3001-Equity,10201.87,Thank discussion factor store method allow contain choice.
2024-11-08,10:02:43,nathan26,3001-Equity,-30116.23,Recognize real mention seven loss road follow civil.
2024-12-01,18:37:32,tlee,3001-Equity,-8048.02,Born check imagine remember audience.
2025-01-01,10:33:56,angel77,2001-AP,8926.57,Attention herself early eight direction surface.
2024-10-24,17:00:39,lcunningham,1001-Cash,25880.74,Try southern nice.
2024-12-19,01:56:53,virginiaweiss,4001-Revenue,19813.94,Reality including figure guy suddenly while.
2025-01-01,18:54:21,pperez,5001-COGS,-22212.87,President surface tax hit beautiful former.
2024-12-27,16:08:04,armstrongalexandra,4001-Revenue,45721.31,Put talk better bag.
2025-01-29,22:38:06,kim90,5001-COGS,-39778.97,Care marriage open seem eat move perform try.
2025-02-25,07:08:05,michelle52,2001-AP,-40328.36,When future name senior.
2025-03-06,10:34:44,pwells,5001-COGS,10372.6,Health crime because care they stay though.
2024-12-02,14:28:54,gary79,1001-Cash,22973.18,Interesting per capital point style imagine science.
2024-10-18,17:02:28,jordanjohn,3001-Equity,-37517.38,Collection itself use send leader describe.
2025-02-03,21:44:29,gbaker,2001-AP,-42119.98,Within place western general.
2025-03-02,23:21:48,laurathompson,5001-COGS,32940.47,Likely behind alone talk exist.
2025-02-02,06:45:06,simonrussell,3001-Equity,38545.17,Ahead some religious ok add purpose.
2025-01-02,15:59:37,ortegalinda,5001-COGS,7735.21,Truth any lay forward thought southern type.
2024-12-07,22:35:15,harperjames,1001-Cash,-45417.56,Thing per radio open truth strong business nothing.
2024-11-22,18:13:49,lkramer,4001-Revenue,27306.83,Can say action blue.
2024-11-12,19:07:14,tannermoore,1001-Cash,35531.77,Open ground feel international.
2024-10-07,02:56:40,hbeard,1001-Cash,-11987.38,Ready our hour decade garden avoid could place.
2024-10-08,03:44:41,clawson,2001-AP,13568.44,Say service nor try stop theory.
2024-11-29,01:56:52,murphylaura,5001-COGS,-33734.59,Drug part often kitchen reach ahead.
2025-03-17,10:57:00,ukelly,5001-COGS,-29049.3,The fall interesting education black thought.
2024-11-01,19:45:24,kevinelliott,5001-COGS,20182.03,Near voice enough moment senior.
2025-02-01,21:36:35,fgriffin,1001-Cash,10913.1,Finish red idea green.
2024-12-05,20:48:56,mwood,4001-Revenue,3413.99,Already think example east economy everybody quality protect.
2024-11-02,23:43:33,daviddavis,4001-Revenue,-33659.75,Today pressure poor think cell.
2024-11-08,07:38:26,kmora,2001-AP,-23005.22,Girl ask treatment another.
2024-12-25,22:22:10,rodriguezcarlos,3001-Equity,-28038.48,Way marriage according adult usually that among security.
2024-12-20,08:11:24,austin23,5001-COGS,34285.19,Option total various Mr street.
2024-12-18,04:04:19,ronald18,1001-Cash,-27095.19,Easy company fish there particular.
2025-02-14,06:27:00,tracy60,1001-Cash,30504.58,Visit important place travel message billion.
2024-12-17,05:55:14,johncole,2001-AP,-23225.91,Recent guess piece up one catch.
2024-12-19,04:12:10,jaime29,4001-Revenue,41313.61,Garden because put local wind young skin analysis.
2025-01-31,04:42:23,dale78,3001-Equity,37636.76,Reason central certain rest cold price story north.
2024-11-05,15:55:04,asilva,5001-COGS,-28737.35,Cell finish foot job wide give piece.
2025-03-29,21:47:03,lmcdonald,2001-AP,-10436.81,Walk miss relationship.
2025-01-14,14:06:44,christineayers,2001-AP,-35712.84,Doctor card your about relationship social.
2025-04-03,16:33:03,erinvargas,4001-Revenue,-25337.25,Method early history.
2024-12-24,12:04:52,roberthumphrey,3001-Equity,3897.73,Far key magazine.
2024-11-23,01:34:40,fmckenzie,3001-Equity,-7156.62,Agree pull none will quality hear.
2025-01-21,20:53:00,lisa53,3001-Equity,-10059.95,Statement price provide catch difficult attorney.
2025-03-04,00:57:45,stephenbeltran,4001-Revenue,49732.58,Before system gas who word trip.
2025-03-04,17:53:26,stuarttroy,4001-Revenue,952.63,Whose area population yard political power.
2025-03-10,10:15:35,jasonmacias,1001-Cash,25578.22,Morning raise like entire road.
2025-02-19,23:55:26,samanthagonzalez,1001-Cash,-34715.87,Company look ten require Mr group quite.
2024-11-14,00:29:26,laura06,4001-Revenue,29207.94,Rock agree expect drug science of individual.
2025-01-07,13:01:26,millerdavid,2001-AP,9640.9,Catch go camera seek raise expert off cold.
2024-10-09,22:53:59,michaelramsey,2001-AP,-11838.07,Career produce big long dog personal.
2024-10-08,22:01:11,larmstrong,2001-AP,2911.43,Mr from among majority relate.
2024-10-14,16:20:54,loriholmes,3001-Equity,36077.97,Red hot final condition base spring.
2024-10-16,00:20:19,randyibarra,1001-Cash,18028.34,Shoulder tree owner task against friend.
2024-12-16,21:32:31,zhudson,1001-Cash,18171.04,Agent job evidence between.
2025-03-13,21:06:28,hannahharrison,3001-Equity,25087.78,Pick art maybe hour compare.
2025-02-10,22:34:18,stephensscott,5001-COGS,-38844.78,Deep just campaign special.
2025-03-28,06:57:07,xtapia,2001-AP,-34184.22,Their structure doctor me.
2025-02-10,23:21:34,brianaruiz,1001-Cash,45381.59,Much various whole free plant.
2024-11-23,21:40:01,bcardenas,5001-COGS,47188.81,Foreign now officer employee together.
2025-03-23,04:48:59,daughertyashley,4001-Revenue,768.17,Reveal ten party say.
2024-12-20,22:32:09,sharon36,1001-Cash,37051.86,Research get employee think officer.
2025-03-19,15:20:33,loganwilson,5001-COGS,34166.93,Ready right meet last sort traditional.
2025-01-26,09:34:19,hturner,3001-Equity,10897.02,Consumer former evening high loss want.
2024-11-29,11:02:30,jodi71,4001-Revenue,-12608.61,Marriage represent of happy million three sister.
2025-02-22,05:48:22,lcurtis,4001-Revenue,3937.9,Table eight kind not experience stop able mouth.
2025-01-10,00:51:17,michele76,3001-Equity,41849.35,Final sell community pressure.
2025-01-21,12:48:07,bdavis,3001-Equity,-17584.39,Idea cut democratic share base.
2025-03-27,10:31:37,nevans,1001-Cash,-38813.23,Make that traditional range require money.
2025-03-15,22:19:37,mwilliams,5001-COGS,37872.19,Say season girl pay himself head.
2024-10-06,00:11:33,anthonygarcia,5001-COGS,-26054.77,Go hand race enough report nearly.
2024-10-26,11:59:08,pamela46,4001-Revenue,37800.96,Create individual people side sell.
2024-11-12,15:34:19,ebenitez,1001-Cash,-41434.65,Wide thank street bag fly.
2024-12-16,06:42:43,james98,2001-AP,31602.33,Quite computer include either husband against.
2025-01-28,08:51:16,vjohnson,3001-Equity,26583.44,Serious fish attorney majority.
2025-02-17,07:12:16,chenry,4001-Revenue,15975.08,Painting kid democratic me college.
2025-02-25,12:47:51,jessicaliu,3001-Equity,-33487.3,Modern vote if anything side alone final prepare.
2024-10-24,04:01:07,ryan60,3001-Equity,37243.3,Political product seven show hotel.
2024-12-30,01:35:12,ggood,2001-AP,46436.29,Consumer fight trip half maintain election.
2025-01-22,11:08:29,asmith,3001-Equity,25526.52,Easy note state until scientist.
2024-11-28,03:19:23,freemanheidi,4001-Revenue,21294.9,Time work especially maintain.
2025-04-04,15:12:27,brandonduncan,2001-AP,49514.94,Face wonder water mean discussion employee.
2024-10-17,17:01:19,scottlopez,5001-COGS,-6189.99,Rather common boy leg suffer.
2025-01-27,22:24:02,williamsrachel,3001-Equity,-4851.39,Worker too make institution agency.
2025-01-28,13:50:02,michael80,4001-Revenue,-27530.27,Theory model employee.
2025-03-12,21:15:51,susancombs,5001-COGS,-47896.57,Expert early choice little woman important together.
2025-03-28,22:10:32,melissa25,3001-Equity,-26988.53,Leave deal long Mr bit fall almost.
2025-03-15,03:30:20,moorejennifer,4001-Revenue,-49280.92,Man end factor high coach issue father no.
2024-12-15,10:27:48,josephmendez,1001-Cash,-27105.82,Seem task themselves short must.
2024-12-02,12:25:43,coxkimberly,1001-Cash,35963.54,Strong rate should evidence will she degree.
2025-03-01,15:15:26,dspencer,1001-Cash,1415.61,Name water bed owner.
2024-12-13,01:53:10,corysmith,5001-COGS,16897.78,Card security write of.
2024-12-20,18:39:54,sarahmoore,4001-Revenue,3923.39,Television military member style.
2025-03-05,09:19:23,rodney78,3001-Equity,7621.16,Friend land father.
2025-04-01,07:43:05,jordanbrandon,4001-Revenue,28461.94,Affect resource product note during add suggest there.
2025-01-23,01:06:33,gpowell,2001-AP,-30959.01,Time nothing agree activity source.
2025-01-04,05:09:51,asalinas,1001-Cash,15898.27,North check his sort tough call.
2024-12-21,11:35:21,duranlaura,5001-COGS,-7642.14,Local push another open off land much.
2025-01-02,11:45:06,christopherhaas,2001-AP,36383.67,Series with high.
2025-01-05,12:33:20,harperbrianna,1001-Cash,17336.45,Make performance network group type create career.
2025-03-16,05:15:24,jasonhill,1001-Cash,-43938.73,Ask hair one nice.
2024-11-29,10:13:23,james85,5001-COGS,30059.25,Human system dream hear chair box.
2025-02-12,01:50:19,jacquelinemaxwell,1001-Cash,-25134.37,Firm training sister too while.
2024-12-04,04:42:38,smithmark,4001-Revenue,3628.58,Garden want material.
2025-02-13,03:04:41,nyoder,4001-Revenue,-7811.84,Center machine prepare bring.
2024-12-04,18:51:04,ycollins,5001-COGS,-3737.19,Note stage should stand.
2025-01-03,02:27:53,ashleymiller,1001-Cash,-5686.93,Response give certain or.
2025-01-08,02:43:28,michael99,3001-Equity,-40209.13,Too whom billion lot ground.
2024-11-08,02:33:54,jameslynch,3001-Equity,33602.76,Cold nor camera future.
2025-03-02,01:32:08,markmccullough,1001-Cash,42636.7,Something training affect difference development.
2025-01-21,08:40:09,azimmerman,4001-Revenue,-33368.89,Into guy hot each compare notice.
2024-11-17,19:24:07,hickssusan,2001-AP,-1864.16,Include forget school interview a station.
2025-04-04,13:58:45,alexander17,2001-AP,40244.29,Once raise common radio bag couple any.
2024-12-18,18:12:08,brian30,4001-Revenue,-12102.69,Seem carry determine plant term dinner team again.
2024-12-23,21:04:51,lisaboyd,2001-AP,-23479.69,Story group one could idea week.
2024-10-07,19:12:17,zacharymorgan,2001-AP,-21475.08,Soldier ready hot follow product bank.
2025-02-12,00:19:31,brookskeith,3001-Equity,16187.13,Approach cost concern.
2025-03-29,21:11:56,ywarren,2001-AP,-34520.32,Brother school board back.
2025-02-21,10:54:09,cgordon,5001-COGS,-28229.91,Race wear current rise more age.
2024-11-23,07:48:51,sherrigreer,1001-Cash,7918.03,Choice network unit exist.
2025-01-17,05:15:45,omaldonado,3001-Equity,-43904.24,Range return city few.
2024-11-30,20:27:36,sarapowers,5001-COGS,-44283.47,Serious work wish senior road fall relate.
2024-10-24,19:49:14,laurenrichardson,3001-Equity,-2321.15,Carry traditional expect third age.
2025-02-26,11:49:52,eric17,3001-Equity,-34256.73,Cut the idea no value responsibility nice.
2024-10-20,10:39:39,david71,3001-Equity,-41988.85,Soon parent writer entire military fight car.
2024-11-07,07:20:31,jon73,4001-Revenue,-43147.87,Probably hold deal describe wind consumer pick.
2025-01-31,21:49:03,twhitney,1001-Cash,17521.26,Involve you cut begin machine.
2025-03-20,00:15:02,snyderpatricia,4001-Revenue,-9622.44,When audience present bag forward almost.
2024-10-12,04:10:59,yoconnell,3001-Equity,-25378.47,Some discuss cell bed character serious camera.
2025-01-03,01:41:03,shelleyrussell,3001-Equity,-46025.83,Despite over different behind task man still.
2025-03-10,23:31:44,dukeamber,1001-Cash,-8077.51,During college election quickly pick forward remain.
2025-03-27,22:56:55,nforbes,3001-Equity,6522.69,Choice ago social suggest.
2024-12-04,09:56:39,jordan86,5001-COGS,43470.63,Bag show store stage age.
2025-01-31,22:47:58,joel34,4001-Revenue,16972.6,Medical seem western stay run near fast.
2025-03-16,15:49:28,emartin,5001-COGS,-26131.4,Prevent job receive watch.
2025-03-26,03:21:58,pattersonjustin,2001-AP,-36912.17,Six school like learn partner.
2024-10-20,20:34:46,xmoore,5001-COGS,-4277.54,Stand activity chair position purpose have.
2025-02-02,23:07:41,fharris,1001-Cash,-49068.45,Red information he ball find may.
2025-01-19,11:25:35,twagner,3001-Equity,49845.44,Level subject force even.
2024-12-23,09:27:25,nguyenrobert,1001-Cash,-42673.93,Nation note write budget student serious.
2025-03-08,04:27:10,rtaylor,4001-Revenue,588.47,Whom resource three series throw.
2024-11-28,01:07:01,mraymond,4001-Revenue,43325.94,During address performance instead trouble matter.
2025-01-24,07:42:57,espinozamargaret,1001-Cash,37927.02,They someone experience weight old trade road.
2025-03-22,12:25:37,everettteresa,5001-COGS,-21501.26,Son moment kind.
2024-12-17,06:34:27,jason22,2001-AP,33374.5,Again game agreement low.
2025-01-26,12:54:48,awilson,5001-COGS,11167.78,Positive certainly meeting key.
2025-01-23,08:23:16,mary58,3001-Equity,-49217.69,Role become prevent.
2024-10-08,06:11:12,molly21,3001-Equity,-20062.12,Threat eye late growth partner fine for.
2025-02-08,05:10:01,elizabethdouglas,1001-Cash,43893.0,Sort true within factor government.
2024-10-10,09:08:28,petersonnicholas,4001-Revenue,-23553.41,True anything early garden in nice.
2025-03-28,23:38:26,imorris,1001-Cash,24241.67,Analysis institution body really.
2025-01-12,00:16:41,watsonedward,4001-Revenue,-22765.18,Defense item brother view own cover.
2025-03-05,07:36:15,matthew58,3001-Equity,-28937.03,Could life respond high nature time already.
2025-04-03,14:23:15,lance39,5001-COGS,-29640.27,Very investment attack wife.
2025-01-02,20:16:41,michaellane,5001-COGS,540.91,Window side community point them a work.
2024-11-24,07:16:01,andrewross,5001-COGS,40533.65,Lawyer increase of reality rather make decision.
2024-10-29,02:33:06,kellermeagan,1001-Cash,-40770.15,Some night leave.
2025-03-13,23:10:18,kevin13,2001-AP,32934.81,Group fly draw send him.
2024-10-16,16:41:12,opowers,1001-Cash,-49645.43,Main tough spend wife.
2025-03-07,04:42:48,rosstaylor,4001-Revenue,13711.34,Doctor season event marriage suddenly.
2025-01-14,19:09:22,thomas45,5001-COGS,-33841.8,Sing population red pattern over.
2024-11-18,10:56:16,sydney12,2001-AP,5168.04,Type mission enough employee.
2025-02-28,05:12:08,melissajohnson,2001-AP,6090.69,Lawyer indicate force partner out.
2024-12-02,12:47:25,mduke,1001-Cash,-42475.61,Up kid gun hotel consumer.
2024-12-30,22:19:28,amber09,4001-Revenue,4559.03,Hear behind wonder brother stage.
2025-03-20,00:33:21,robert88,5001-COGS,8250.96,Bed car around.
2025-01-12,14:25:30,meyeranthony,4001-Revenue,-7021.33,Teacher stock state them cause.
2025-03-22,15:43:07,cynthia07,1001-Cash,-19174.17,Should employee card travel list.
2025-03-12,04:51:40,alyssa27,1001-Cash,39892.46,Level between across toward different cold believe.
2025-03-22,14:10:57,ronalddavis,4001-Revenue,18206.67,Back player though create more better assume.
2024-11-18,23:08:16,burgessaimee,1001-Cash,-14632.14,Center Mr trip night responsibility idea.
2024-12-14,18:27:25,anthony17,3001-Equity,38413.47,Action three culture I.
2025-01-11,03:27:34,crystal39,2001-AP,47383.7,Information own action crime price cold.
2024-11-16,17:17:26,luis39,4001-Revenue,42576.38,Yeah lose issue analysis performance shoulder name.
2025-01-17,19:20:00,collinsamy,4001-Revenue,36460.57,Suddenly point return old effort from sure.
2024-11-28,08:11:05,ogreen,4001-Revenue,38141.62,Available drop view.
2025-02-06,03:24:22,alvarezdaniel,1001-Cash,-32063.93,Care name garden would identify once authority production.
2025-03-13,22:42:52,travisrebecca,5001-COGS,28238.65,Friend take trade lot.
2024-12-03,09:11:57,qsmith,2001-AP,30223.51,Get training easy nation fast speech.
2025-01-09,07:45:06,brianwhitaker,4001-Revenue,-23319.43,Attack ready feeling likely.
2024-10-16,07:45:47,garcianicole,1001-Cash,-11745.83,Believe right well none.
2025-01-28,14:05:55,jamesrowe,1001-Cash,35859.33,Recent think tell always security morning.
2025-01-31,13:06:10,allenjessica,4001-Revenue,-30042.72,Organization instead science see newspaper choose.
2024-11-18,18:24:31,chill,2001-AP,-15034.16,Continue deep own rise western book recent film.
2025-02-28,11:01:10,sandersalexandra,4001-Revenue,-27707.65,Plant pull inside peace.
2025-01-04,09:44:22,nicholasalexander,4001-Revenue,-10153.4,Matter figure rich property happy oil.
2024-12-31,00:05:43,pnewton,5001-COGS,36435.29,Seat on top road question before smile.
2024-10-12,01:01:23,mooremichelle,5001-COGS,-14885.39,Central wear little drop term large myself.
2024-12-02,10:56:27,perezkathleen,3001-Equity,-10032.16,Garden conference meet how pay view.
2025-01-03,16:02:43,smartin,3001-Equity,-16885.01,Life sort during court.
2024-12-16,13:54:02,ynguyen,1001-Cash,-38465.82,Life low authority.
2024-10-09,03:40:11,maryhudson,5001-COGS,-32143.22,Fund candidate entire third me western.
2025-02-15,03:14:47,derek19,5001-COGS,-46174.28,Billion use line bill near including left.
2025-03-05,04:28:54,brianholland,3001-Equity,-6543.62,Officer happen nature may under.
2025-02-26,03:47:24,andrewferguson,5001-COGS,-6360.61,Thing later per environmental up.
2025-02-01,03:31:59,pamela31,3001-Equity,-38435.42,National stop building fast.
2024-12-29,04:44:30,ritterjoshua,3001-Equity,-30992.12,Modern upon stay.
2025-01-25,17:56:00,benjaminreid,1001-Cash,20878.53,Law very spring commercial hospital only.
2025-03-25,05:16:45,thompsonjoshua,1001-Cash,1992.03,Try simple evening peace yourself anything statement.
2025-03-27,02:50:00,nchandler,3001-Equity,18685.71,Bag discussion really field decade difference born.
2025-02-12,08:50:56,wbanks,4001-Revenue,-13577.85,Out report customer huge almost trip wind.
2025-02-08,17:21:48,willie08,1001-Cash,44887.45,Single box indicate pretty responsibility.
2024-10-29,18:18:56,aliciagreen,5001-COGS,12315.54,Hair term drug.
2025-01-10,02:42:47,douglas92,1001-Cash,21975.43,Response their recognize brother stay ready.
2025-01-28,20:40:10,frank42,5001-COGS,712.25,Color despite current unit who.
2025-01-05,16:06:31,lopeztimothy,2001-AP,-17381.71,Game pretty significant.
2025-03-24,01:39:04,laurenhernandez,5001-COGS,5441.25,Explain speech sing success catch feeling.
2025-03-26,09:57:26,boliver,4001-Revenue,-7955.37,House model choice.
2025-02-14,08:04:26,awest,2001-AP,17731.79,Major character news world large individual remember.
2024-11-11,19:02:38,irivera,4001-Revenue,11551.49,Decide list well.
2024-12-01,15:02:00,andreaanderson,5001-COGS,-9392.48,Back painting worker personal window one box.
2024-12-20,07:23:57,fernandezmarc,1001-Cash,-19612.51,List write central under bed.
2025-02-17,20:45:31,jeanette75,4001-Revenue,-7011.19,Paper bank free before base speech bag successful.
2024-12-25,04:12:36,derrick80,3001-Equity,10666.16,Among issue central gas life western still.
2024-11-27,20:18:56,sheltonpeter,5001-COGS,-3501.18,Produce start sing take style couple stay.
2024-12-11,07:39:59,jacksonheather,2001-AP,17562.72,People cause eat somebody effect.
2025-02-23,00:11:19,donald99,3001-Equity,-2681.38,Generation development almost.
2025-04-04,02:58:55,wardryan,4001-Revenue,15885.07,Decide strategy final administration lot.
2025-01-14,09:44:08,melissaharvey,5001-COGS,1545.2,Son recognize machine trial describe drug since history.
2024-12-30,07:39:34,justinthompson,3001-Equity,-16481.17,President miss side present small force.
2024-10-18,08:23:01,connor88,4001-Revenue,17279.57,For wonder huge save trip.
2025-02-12,23:18:57,katherine42,4001-Revenue,30656.29,Debate down common reality fall see dream.
2024-10-06,17:59:45,michelleperez,4001-Revenue,-47557.46,Possible save able information.
2025-04-06,18:26:35,ygentry,4001-Revenue,48393.6,Girl condition animal who house fine table.
2025-02-04,02:49:40,jacksontroy,3001-Equity,34973.77,Become up admit here book TV.
2025-03-18,11:42:41,elizabeth90,1001-Cash,-4458.38,Road type travel painting.
2025-01-11,23:57:21,jbaker,3001-Equity,-30556.48,Certain describe career yeah.
2025-03-07,19:41:05,rodriguezzachary,2001-AP,-562.28,Possible necessary home town common adult.
2025-01-23,22:30:55,jean17,4001-Revenue,-35242.87,Future will product more benefit discover commercial.
2024-11-29,22:46:30,esparzajoseph,1001-Cash,39265.98,Audience full recently help top.
2025-02-27,07:53:25,joshuacaldwell,1001-Cash,27842.04,Should soldier marriage trip road or.
2025-03-06,17:10:21,santosrichard,4001-Revenue,-32411.33,Hotel citizen detail speak someone need decade.
2024-11-14,11:08:57,amberanderson,3001-Equity,-3545.01,This door final almost special lay.
2025-02-15,13:22:37,terrybilly,3001-Equity,-25080.17,Job herself early everyone girl buy.
2025-01-29,17:18:37,vmayer,1001-Cash,-4353.82,Hard treatment image suggest character.
2025-02-08,00:54:46,jonathan80,2001-AP,16757.77,Such American individual share.
2024-12-31,10:35:34,cookshane,3001-Equity,9545.23,In ever current.
2025-03-02,00:29:32,matthewroberts,2001-AP,11265.23,Look challenge affect either.
2025-01-11,04:24:02,eflores,3001-Equity,-7325.92,North affect against everything officer issue ready.
2025-03-19,02:43:36,jamie83,3001-Equity,-5408.64,Strong bar team difficult.
2024-11-05,01:20:33,pagenicholas,4001-Revenue,24365.54,Parent movement discuss experience really.
2024-11-25,00:26:27,chamberslarry,2001-AP,-4993.02,Catch push outside sure.
2024-10-29,18:42:12,nicholassimon,4001-Revenue,33986.29,New moment fact white.
2025-02-13,19:25:55,suzannecook,5001-COGS,26581.37,Care there would message.
2024-12-03,05:24:51,hmichael,3001-Equity,-1540.3,Page Mr blood left.
2025-01-13,16:15:43,glee,4001-Revenue,-22540.26,Develop exactly say through deep blood poor.
2024-10-22,23:04:13,davisdavid,1001-Cash,21354.49,Themselves budget election country same perhaps many possible.
2024-12-09,21:16:58,sdavidson,4001-Revenue,-22828.49,Be might side yard skill public bill process.
2025-03-19,08:04:16,stewartmary,5001-COGS,39302.68,Either ability camera account total rate score couple.
2025-02-25,16:14:27,masonjohn,1001-Cash,-36162.59,Writer buy century explain study realize Democrat.
2024-10-11,23:45:08,fmatthews,4001-Revenue,-11696.47,Can require catch reflect perhaps others.
2025-02-10,04:56:53,wcoffey,4001-Revenue,20641.91,Some adult article no white give side.
2025-01-26,16:54:32,ronaldyoung,1001-Cash,-8513.21,Price part rock kid.
2024-12-05,13:12:31,riverabryan,5001-COGS,4261.11,Mind carry arrive beautiful little may heavy.
2024-12-07,08:17:42,adriennecunningham,2001-AP,-43773.43,Federal without record short compare raise kind idea.
2024-11-24,02:47:04,dustinthomas,2001-AP,-11052.32,Management lead Republican whatever.
2025-03-27,10:49:09,monica93,3001-Equity,44606.2,Arm fill man single.
2024-11-10,14:00:07,andrew44,1001-Cash,35673.2,Parent either memory talk professor coach.
2024-10-09,23:44:35,olevy,3001-Equity,-11961.9,Education mind realize reveal.
2025-04-02,10:36:13,joseph08,1001-Cash,44274.17,Four else catch hotel off respond.
2024-11-28,04:10:57,david91,5001-COGS,25347.51,Be foreign million.
2024-10-25,23:54:35,toddobrien,2001-AP,3822.06,Technology trial choose whom.
2024-11-10,10:03:20,yhernandez,3001-Equity,29986.82,Sister picture vote process.
2024-10-08,17:59:04,amberevans,4001-Revenue,-1177.05,Score drive purpose expert into outside people.
2025-03-25,11:12:24,susan57,5001-COGS,-6416.4,Defense beautiful whole network parent prevent operation.
2025-02-02,21:01:35,baileyjerome,1001-Cash,-11114.28,Soon green song fill two.
2025-03-26,04:52:26,jeffrey34,2001-AP,22418.14,Marriage interview area building my front.
2024-11-30,05:28:07,sara52,2001-AP,41954.16,Impact the compare firm.
2025-02-07,10:32:35,nmartinez,3001-Equity,3412.36,Surface yourself sign eight likely.
2025-01-09,21:22:35,martinjonathan,2001-AP,9189.28,Guess fact treatment.
2024-12-25,15:52:19,hamiltonryan,1001-Cash,-41605.25,Money five federal drop because step debate.
2024-12-03,14:45:04,gary58,2001-AP,-36430.05,Admit red town four respond response off check.
2024-12-25,14:59:00,ruben51,2001-AP,-31827.1,Affect represent fast.
2024-10-20,12:21:34,blee,5001-COGS,-12089.61,Identify particularly between approach kitchen training better.
2025-03-10,11:07:39,stephen55,4001-Revenue,-4530.07,Civil watch politics store.
2024-12-09,19:02:48,robinsonbrandon,5001-COGS,26122.97,Right peace land culture tonight might second.
2025-02-06,22:25:35,williamlopez,2001-AP,-22174.34,Only whom miss seat suggest hard remember.
2025-01-24,23:49:18,nhayes,2001-AP,-24772.85,Create would yet home way bit.
2025-04-02,02:33:27,taminoble,1001-Cash,-2969.32,Individual oil item sport drop.
2024-11-20,10:19:33,parkerjoseph,3001-Equity,-44791.44,Fear if five figure.
2024-11-10,02:31:07,pblake,5001-COGS,-27577.78,Third call option machine company through.
2025-01-04,17:52:31,fwashington,1001-Cash,28123.3,Sort history chance fall sea plant major.
2025-03-27,19:27:57,harmonkimberly,1001-Cash,25423.32,Player weight reveal letter apply fear.
2025-01-30,04:23:07,eric59,4001-Revenue,-30063.93,Follow science probably service.
2025-01-24,11:51:46,sheryl57,1001-Cash,12133.57,Blue scene recently only.
2025-02-06,10:06:05,tammy00,4001-Revenue,-37377.9,Security listen nothing scene rock either five rest.
2024-12-30,15:20:43,jeffery64,1001-Cash,6396.96,Before receive finish social audience place.
2025-01-31,08:50:03,cainbrandon,4001-Revenue,-3496.6,Nation hundred each investment wear.
2025-01-02,01:34:02,melvingomez,5001-COGS,26689.81,Thought like eight remain eat.
2025-02-22,23:47:40,robertsanchez,4001-Revenue,10589.27,Catch stand amount order you significant really have.
2025-03-26,23:02:06,michaeljohnson,1001-Cash,27779.19,Everybody development include big.
2025-01-17,15:38:17,davidcunningham,4001-Revenue,46472.08,Road age when.
2025-01-13,14:59:15,reesecarmen,1001-Cash,7868.47,How for interview pull light green.
2024-11-06,18:47:47,kpeters,5001-COGS,7579.67,Event have be sea bit.
2025-03-26,13:29:55,sanchezmorgan,2001-AP,-10334.56,Whatever skill food laugh.
2025-02-09,09:23:49,lopezmegan,4001-Revenue,-42400.35,Officer itself my often.
2024-10-13,16:22:33,carl91,4001-Revenue,-39809.87,Positive mouth collection.
2025-02-11,10:23:41,ericgraham,5001-COGS,35029.32,Most case here without pick black speech meet.
2024-11-16,10:49:40,fostereric,3001-Equity,30552.8,Change we nothing much age girl ask.
2024-10-10,23:43:55,gregory51,3001-Equity,28263.53,Base cause usually the.
2025-02-01,20:04:58,knappjoseph,5001-COGS,3274.52,Long although single each message among reason.
2025-04-01,01:13:49,calhounjason,5001-COGS,-43104.33,Participant success power card measure.
2024-11-14,22:02:07,stephenmccann,5001-COGS,-48734.78,Strong over left win difference.
2024-10-24,14:40:07,erinmccoy,2001-AP,32233.09,Political modern someone fire down without product.
2025-02-07,11:22:09,zcrawford,1001-Cash,-6647.66,Believe decide task man and.
2025-01-05,02:47:05,william48,5001-COGS,13558.51,Enter return model country huge later fine.
2025-02-13,04:49:40,jonathan18,2001-AP,20730.86,Into current imagine last nature clearly.
2025-03-20,13:33:04,frederickho,2001-AP,-32386.3,Recently radio try real enter cost low.
2025-01-14,10:37:06,kayleesmith,3001-Equity,46547.37,Threat skin international hit wall.
2025-03-16,04:58:39,vkeller,5001-COGS,11591.24,Food least before role design political.
2025-04-01,17:48:11,crystalfarley,3001-Equity,27464.15,Born wide politics close think.
2024-10-07,14:13:42,stephensondean,2001-AP,-6442.55,Require sound risk wall reveal put.
2024-12-13,23:15:47,melanie59,3001-Equity,-23160.45,Television on floor team knowledge detail drop it.
2024-10-08,14:39:23,ramirezkatherine,4001-Revenue,33073.1,Place truth world city adult collection.
2025-01-11,23:09:07,espinozadeanna,1001-Cash,-22107.18,Professional five pretty policy.
2024-10-15,11:48:48,larry14,2001-AP,-25613.66,Discover activity huge.
2024-12-03,11:12:04,julie36,2001-AP,6984.96,Recognize friend quite movement professional.
2025-02-19,10:54:37,cturner,2001-AP,-16360.34,Buy those red indicate control forget main.
2024-10-23,06:47:44,longcaroline,2001-AP,35095.28,Before full forget expert structure.
2024-10-08,14:14:24,sjacobson,4001-Revenue,-1245.01,Piece only computer say mind.
2025-02-22,16:46:15,andrewkennedy,5001-COGS,29783.24,Simply fill her free because form owner.
2024-12-18,14:47:20,martinezbrittany,5001-COGS,-22034.15,Free reason goal own choose hundred effect.
2025-01-08,20:15:18,davilawilliam,3001-Equity,20118.38,Always life station prepare.
2024-10-25,07:36:05,reedjonathan,5001-COGS,5579.1,Everyone image safe center feeling prove.
2025-03-06,06:04:16,revans,3001-Equity,44806.26,Through wall answer head lose Congress ready.
2024-12-03,11:21:30,crawfordkatherine,1001-Cash,-25864.39,Heavy car career.
2024-12-13,22:33:58,simpsonpaul,2001-AP,-1142.22,South improve girl cell a.
2024-10-25,19:35:07,jacobclark,4001-Revenue,19060.93,Likely move activity suddenly own choose character.
2024-10-28,09:10:28,joshuatran,2001-AP,-5182.55,Color method ahead see if late.
2024-11-15,12:35:28,xmorrison,1001-Cash,-40694.66,Example more red fact.
2024-11-03,07:47:14,vhopkins,4001-Revenue,-9559.89,Some agree institution body whether.
2024-10-12,11:37:27,sandraclay,4001-Revenue,-19379.4,Actually radio word per skill couple.
2024-11-02,15:26:43,scottmark,3001-Equity,-13097.95,Economic from help whom commercial change bed single.
2024-12-25,00:09:42,rclark,3001-Equity,3092.19,Know hit relate lose past.
2025-01-31,11:11:45,barbara69,2001-AP,49663.15,Note act pretty tree produce care source within.
2024-10-08,07:50:27,lozanojonathan,3001-Equity,-16920.87,Physical us environmental leader know station.
2024-12-15,18:04:05,cuevasjohn,2001-AP,-22908.36,Per newspaper kind until any finally.
2024-12-02,15:54:56,phillip74,5001-COGS,-26946.2,Position some scientist night four.
2024-10-11,07:14:50,hernandezjames,4001-Revenue,-18445.21,Establish walk get final.
2024-12-16,04:04:41,cassandra09,3001-Equity,45087.76,Before above itself each anything partner well city.
2025-03-21,16:23:18,oharris,4001-Revenue,-30845.9,Test either say husband.
2024-12-23,12:17:10,steve12,2001-AP,-22350.04,Left around take save truth ten.
2025-03-30,17:48:29,amber07,3001-Equity,47660.7,Person hold report chance nice save miss.
2024-12-30,10:00:01,melaniejohnson,3001-Equity,9679.07,Letter tonight effect know away nothing economic.
2025-02-01,15:01:19,omartin,1001-Cash,33262.84,Range tell environmental everyone.
2024-11-27,06:00:14,walkersonia,5001-COGS,-27251.68,Value while late energy job maintain and rest.
2025-03-18,22:47:51,codysmith,4001-Revenue,-19773.24,Leader fight couple fight bad area.
2024-12-28,17:28:40,katrina79,3001-Equity,-37341.7,Gas loss along state machine.
2024-11-20,10:30:05,ericsimpson,1001-Cash,47429.49,Value group social individual few interest husband group.
2024-10-30,04:10:08,brendamaldonado,3001-Equity,-20786.34,Change have mind because.
2024-12-02,13:36:42,hberry,4001-Revenue,13786.97,Spring first election place gas fast.
2025-01-18,05:48:54,justinwalker,2001-AP,-39741.24,Up fact finish matter.
2025-03-15,22:18:03,fritzsean,1001-Cash,7406.42,Enter type suggest attack watch thank letter.
2024-12-18,08:30:48,lking,2001-AP,-2128.58,Interesting Democrat whether himself.
2024-12-19,06:17:03,jorgeknox,5001-COGS,-31563.63,Sometimes view add administration.
2024-11-14,03:29:24,mariephillips,1001-Cash,-24752.16,Head today force worker discussion.
2025-03-20,07:42:32,jason15,2001-AP,-38591.29,Difference structure set.
2025-01-13,19:08:06,sylviajoyce,1001-Cash,-9929.26,Choice mother dark it.
2025-03-21,06:51:34,gklein,1001-Cash,7702.12,Compare five civil green treatment machine.
2024-11-24,05:08:35,kaitlin26,1001-Cash,-34827.3,Western painting company administration always city treatment physical.
2024-10-25,05:45:24,howejustin,3001-Equity,44912.56,New property one central instead later.
2024-12-15,03:31:53,everettdarin,1001-Cash,49391.81,Forward memory drug.
2024-11-18,03:55:39,vcox,1001-Cash,5807.3,Generation can always fund allow.
2025-01-08,04:01:35,maldonadotheresa,2001-AP,10631.77,Statement ahead bar which teach dream item.
2025-01-09,02:25:44,hbrown,3001-Equity,-27431.29,Money join enter force.
2025-02-10,18:38:28,donna38,3001-Equity,-11962.2,Produce hot eye effort view.
2024-11-04,17:01:10,nelsonwesley,2001-AP,-20264.69,Capital thing movie half rock.
2025-02-09,19:16:20,ryangreen,3001-Equity,49003.13,Firm simply American magazine her least exactly.
2025-01-31,07:15:10,pam17,5001-COGS,6862.95,Seek executive real apply film dark various.
2025-03-20,09:38:33,lisa84,1001-Cash,10963.09,Best course available bill experience above point common.
2024-10-14,21:27:16,castillodaniel,1001-Cash,44759.02,Leave explain sort heart together.
2024-11-22,18:43:32,lewischristopher,4001-Revenue,12551.5,Lead few group receive hit.
2024-12-24,10:45:52,george75,5001-COGS,16042.81,Forget move future life light skin.
2025-02-25,19:13:14,pagelisa,4001-Revenue,-26013.48,Quite somebody old place executive study.
2024-11-21,01:10:06,stephenjohnson,3001-Equity,-42493.51,Open despite move.
2025-01-27,12:45:57,lisa31,1001-Cash,-9148.24,Off pull later face deal.
2024-12-05,23:31:35,richard67,3001-Equity,-3008.75,Perhaps story her black third remain clearly.
2025-03-21,11:23:21,pcampbell,1001-Cash,-26852.38,Young letter note send owner already few.
2025-01-17,13:43:44,brendaknight,5001-COGS,20298.76,Sort consumer different option serious sure.
2025-01-14,22:50:31,janderson,2001-AP,-42882.02,Guy note begin also toward.
2025-02-27,18:04:48,kathleenperez,4001-Revenue,42391.1,Tough its his truth health treat environment.
2024-12-24,13:38:32,alexagonzalez,3001-Equity,16118.3,Avoid catch wall look year down.
2025-02-23,14:46:26,edward40,4001-Revenue,-7486.1,Add often design law because worker.
2025-02-18,11:58:57,kenneth35,3001-Equity,-27519.05,Pretty toward run question trial wide.
2024-10-19,17:30:50,rossjonathon,4001-Revenue,40841.14,Brother seat name yes accept level.
2025-02-18,21:51:30,dave30,4001-Revenue,-42859.02,Claim describe born.
2024-11-22,04:13:12,tracy07,4001-Revenue,29262.86,Article prepare reach much.
2024-12-06,09:09:35,martinezmichael,3001-Equity,24895.77,Down perhaps international ago new moment.
2024-11-08,16:22:55,morrischris,3001-Equity,42119.25,Rock board fast its save only town issue.
2025-01-27,23:32:03,joseyoung,2001-AP,-37564.63,Small think director safe ground life various.
2024-11-05,12:26:40,jason57,5001-COGS,19973.37,Establish high almost help let ahead data.
2025-01-15,14:31:25,meagan96,5001-COGS,47.22,Price foreign official sell economy deal.
2024-10-12,07:24:52,kjohnson,2001-AP,-6224.11,Challenge parent him glass.
2025-01-04,00:41:31,daniellemccall,3001-Equity,-46013.92,Human plan theory sort.
2025-04-04,02:00:37,tiffany33,2001-AP,23453.39,Magazine realize time push or by must.
2024-10-22,15:54:29,sward,3001-Equity,-24963.21,Bring oil kitchen do here.
2025-02-22,00:27:53,jmartinez,1001-Cash,-27107.56,High officer point entire media prevent sea.
2024-12-22,09:17:16,pglass,3001-Equity,8712.29,Reason keep hear few.
2025-01-21,00:29:36,benjaminfowler,1001-Cash,49957.24,Network shake black program reach writer human.
2025-01-18,14:02:44,owenslucas,5001-COGS,7624.7,Future goal south around senior language executive.
2024-10-16,13:25:57,bstevens,4001-Revenue,-2949.92,Collection notice research public pick rest.
2025-03-27,21:39:55,ramosphilip,2001-AP,41607.28,Recently might foreign sit board challenge side.
2025-03-29,01:58:39,christopher27,4001-Revenue,49694.55,These shake million American half.
2025-03-26,15:18:24,sara37,2001-AP,13478.47,Senior improve realize card experience likely.
2024-12-10,06:49:42,nicholas05,2001-AP,46905.52,Rise gas low appear threat mind worker.
2024-11-26,08:41:40,cameron80,2001-AP,-15203.89,Relationship position green bring tax.
2024-11-11,13:23:01,steven51,5001-COGS,-17894.17,Help during set people control store help.
2024-12-01,19:01:40,johnsonjames,1001-Cash,35773.31,Address Republican cut continue leg.
2025-02-07,05:56:49,hansentara,5001-COGS,-8835.49,Manager cause put such look just.
2024-11-09,16:24:18,thompsonshawn,2001-AP,-21178.22,Away key season however.
2024-10-26,19:33:04,elizabeth44,2001-AP,31356.6,State piece call shoulder.
2024-12-17,11:12:31,krystal96,3001-Equity,-46330.29,Discover speech attention play.
2024-12-03,16:46:38,dhammond,1001-Cash,-18548.28,Dog reveal newspaper marriage tend provide exactly big.
2025-03-07,03:13:49,sboyd,5001-COGS,-38407.84,Business care inside suffer statement smile green.
2025-04-03,07:18:34,snydernicholas,2001-AP,36491.06,Strong market economic spring or impact meet.
2024-10-09,13:16:36,jesus62,1001-Cash,15766.04,Writer hard what keep our fill own.
2025-03-29,16:58:41,margaret58,3001-Equity,-3802.37,Tell seven either hold so lead politics.
2024-11-12,11:43:36,medinathomas,1001-Cash,-31241.75,Under to clear onto free once executive.
2025-02-24,14:48:12,mcgrathsteven,5001-COGS,12263.39,Television either according type.
2024-11-18,18:53:19,johnsondaniel,2001-AP,12540.87,Body forget white some TV green.
2024-11-23,23:05:30,mary97,1001-Cash,-29644.18,Item role economy rate follow.
2025-01-26,20:42:51,rmcdonald,3001-Equity,-36898.68,Chance job culture per whole face practice cost.
2025-02-03,16:14:59,kendra69,5001-COGS,-6188.39,Man hard indicate war cup direction young.
2024-12-13,07:45:15,stephenrodriguez,2001-AP,-37857.39,Community maintain wind doctor.
2025-02-15,10:01:34,rstevenson,3001-Equity,29931.37,Only house some want believe night.
2024-11-18,03:29:09,vfranklin,4001-Revenue,-18924.99,Military parent reflect third sea possible.
2024-12-12,22:21:46,renee23,1001-Cash,5225.14,About garden heart operation.
2024-12-13,19:27:43,ijackson,1001-Cash,-27529.93,Even laugh result information.
2024-11-16,10:40:55,ehenderson,1001-Cash,-3855.21,History air actually same defense mind low career.
2024-11-19,15:40:48,psmith,1001-Cash,14770.97,Improve learn college.
2025-01-17,08:07:13,garciamelissa,4001-Revenue,-162.45,Drive lose trial charge make.
2024-12-16,13:56:29,bmarquez,5001-COGS,887.2,Recent meeting room through.
2024-11-03,21:36:23,laura55,5001-COGS,-8450.97,Describe success bit bit I employee position.
2025-03-15,08:54:28,luis10,2001-AP,48024.46,Strategy adult him owner serve time.
2024-10-10,07:45:53,danielpratt,4001-Revenue,-4321.35,Lay control occur mean individual first.
2025-01-24,12:31:56,phillipserin,4001-Revenue,-11641.4,Single true test better.
2024-11-08,03:07:16,rasmussenjerome,3001-Equity,824.09,Keep since better send feeling democratic.
2024-11-17,20:56:15,clarkcarlos,4001-Revenue,36402.69,Nearly easy especially the nothing role crime natural.
2025-03-03,03:30:47,wlittle,5001-COGS,27267.51,Past always tell his.
2025-01-25,03:50:08,matthewgarcia,2001-AP,-16012.48,Discussion skin mean night floor road.
2025-01-05,18:08:15,dominique03,3001-Equity,-23282.73,Person fly case money cup company speak.
2025-03-15,15:52:35,lindseymatthew,1001-Cash,-21716.1,Including person give difference build discussion others.
2025-02-12,21:42:01,jeffreygould,5001-COGS,33747.59,Say instead born major onto.
2025-02-16,16:49:14,stephenwalker,3001-Equity,49890.23,Power sit even director imagine.
2024-12-15,02:11:28,patrickmaddox,2001-AP,36526.06,More garden bag risk party head.
2024-10-13,06:57:59,jacksonpeter,2001-AP,3858.06,Everything hold own everybody language law.
2024-10-06,01:47:42,patricia41,5001-COGS,-16756.0,Little its style concern soon.
2025-03-16,16:43:49,laura16,3001-Equity,-12278.99,Myself school option rich set increase see.
2024-11-21,05:14:12,mark42,5001-COGS,36960.17,Federal lead little sell.
2024-11-29,05:19:10,hoganmicheal,4001-Revenue,7179.76,Seven operation everybody go maintain charge.
2024-10-29,02:12:33,vgibson,4001-Revenue,35601.3,Capital wide goal power high.
2025-03-20,23:56:03,gilmorelucas,2001-AP,-45635.27,Join cover run last officer for.
2025-02-20,13:16:14,lori06,2001-AP,20522.79,Bit three could give able.
2025-02-22,00:32:18,jeffrey03,2001-AP,-11392.12,Vote six step candidate.
2025-01-17,02:16:16,heather80,4001-Revenue,-467.14,End modern later.
2024-12-25,16:23:58,joseph81,1001-Cash,-37375.37,Realize company loss win among reality enough water.
2025-01-12,21:46:19,davidrodriguez,3001-Equity,-16800.53,Control they not sense.
2024-11-08,03:30:56,kimberly17,1001-Cash,37419.04,Science deal for role this enjoy wide.
2024-11-17,08:47:52,juliebarker,2001-AP,-40028.83,Assume someone nor them physical imagine.
2025-03-21,01:33:22,warmstrong,2001-AP,-48465.24,Believe method least wall stuff street.
2025-01-16,15:59:09,osanchez,4001-Revenue,-9002.14,Ask price anyone peace.
2024-10-19,03:38:33,tpatterson,4001-Revenue,-42517.18,Help possible red executive current.
2024-11-04,14:23:32,uwilliams,5001-COGS,-16143.88,Guess health page such arrive word.
2024-12-03,05:51:49,gonzalesrussell,2001-AP,14983.67,Tv relate practice democratic.
2025-04-05,07:59:11,aliciamarshall,5001-COGS,35234.13,Condition cover service should compare over charge.
2025-01-07,10:32:57,christianoliver,3001-Equity,-11999.06,Newspaper political policy wall nice.
2025-03-11,10:17:34,carterlisa,5001-COGS,12679.92,Responsibility despite television character sort reduce.
2024-11-17,01:05:22,johnsonkrystal,2001-AP,37238.3,Together inside guess.
2025-02-23,02:03:14,timothy02,1001-Cash,11745.95,Song tax deep face environmental.
2025-02-01,04:48:43,andrewfrazier,4001-Revenue,13116.1,For stuff act second else water.
2024-11-22,18:20:02,amber43,5001-COGS,49742.59,Nothing hundred fire one.
2025-02-19,00:01:40,kyle36,1001-Cash,-6602.85,What break meet exactly from official.
2025-02-17,03:31:08,johnsonfrancisco,1001-Cash,26036.97,Author hard one.
2025-03-25,07:50:43,brownstephanie,1001-Cash,-5632.14,By former short last now arm science.
2024-10-31,15:40:28,brandon75,5001-COGS,40342.41,Economic staff threat short decide.
2024-12-23,00:04:03,rachel81,1001-Cash,-17562.53,Close force appear middle week future.
2025-02-15,09:09:51,jessica40,1001-Cash,-20663.22,Lose ask deep fight pull.
2025-02-15,12:26:24,charlesshepard,5001-COGS,-6931.32,Yet section affect.
2024-11-18,06:54:07,sandrabarton,4001-Revenue,3116.63,Effect indicate fish trouble no tell.
2024-12-26,20:27:30,thompsondavid,3001-Equity,18180.04,Easy painting mean system course law nor.
2024-11-12,10:14:09,thompsondavid,4001-Revenue,-33001.64,Fact certainly agency third sometimes.
2024-10-13,18:02:48,qdouglas,1001-Cash,10949.18,Item section short meeting him finish.
2024-12-06,07:32:17,tammy09,2001-AP,11971.04,Accept research west east walk seem.
2024-12-17,03:08:41,vhines,4001-Revenue,-233.27,Card him civil science tough.
2024-11-17,13:15:41,ndrake,3001-Equity,-35688.23,Visit day sit six story middle.
2025-03-28,00:18:59,bradleymitchell,2001-AP,13790.46,Word investment we own likely pick.
2024-10-31,00:50:22,wpalmer,2001-AP,-24467.33,Glass world realize myself chance couple.
2025-04-05,22:13:40,michaelrodgers,1001-Cash,39890.85,Reason mean believe fire home.
2025-01-18,05:02:03,jennypennington,2001-AP,40120.94,Interest now rest Mrs accept.
2024-12-25,09:52:23,sandra93,3001-Equity,-34202.44,Lose write former citizen total cold.
2024-12-10,16:29:00,cynthia88,2001-AP,44523.56,Important trade because hotel.
2024-11-21,15:45:24,steinchad,3001-Equity,-20084.58,Stand dog make leg.
2024-10-22,17:17:26,conniesolis,2001-AP,19031.35,Where yet song sort consumer pay discuss.
2024-11-02,04:42:00,bautistachad,2001-AP,34530.39,Bad particularly chair also indicate Democrat.
2025-02-08,02:47:19,dennis49,4001-Revenue,49937.36,Big thing sea local base until high area.
2025-01-18,18:16:04,davidhartman,2001-AP,-39334.67,Light dark again place explain tax service.
2025-01-25,18:41:58,lori17,2001-AP,7192.27,Price administration best well ground issue financial.
2024-11-10,15:40:14,shieldsjoseph,3001-Equity,-20412.76,Pm sort student training role.
2025-01-28,03:33:36,upoole,5001-COGS,-47806.04,Now customer than rule air.
2025-01-19,18:33:18,erin06,2001-AP,-22551.96,Feel beat close common determine approach dinner.
2024-10-15,10:31:19,kathrynandrews,3001-Equity,36506.74,Involve American wrong increase movement civil.
2024-12-14,17:08:44,ocastillo,1001-Cash,41061.7,Share to far respond heart ok fight.
2025-03-19,02:09:29,kodonnell,2001-AP,33283.89,Need expert other subject responsibility.
2025-01-12,19:34:40,benjamin31,5001-COGS,27574.1,Senior or catch drop away soon bit.
2025-01-27,04:55:06,megan22,4001-Revenue,10706.5,Somebody training tree bad best discuss.
2025-02-15,08:09:50,rodriguezjose,5001-COGS,-28099.55,Seek four outside usually.
2025-03-20,08:10:06,jsimpson,4001-Revenue,12089.12,Pm animal site.
2024-11-06,13:06:54,nicolegonzalez,4001-Revenue,12824.81,Defense they soldier remain time.
2025-02-28,13:13:15,marklewis,1001-Cash,-19106.71,Movie page employee nothing.
2025-03-28,07:07:31,walkermelissa,2001-AP,-46663.55,Up produce soldier car no.
2025-01-05,06:50:59,zdowns,5001-COGS,23235.98,Discussion but option occur.
2025-02-01,11:47:43,smcpherson,1001-Cash,40962.78,Recent religious north.
2024-12-26,03:17:30,andersonkathryn,5001-COGS,24748.09,All even exist.
2024-11-08,07:38:11,kevin25,4001-Revenue,-29920.52,Off find edge than may add.
2024-10-06,20:33:34,jillmichael,3001-Equity,37646.06,Somebody water throughout region action.
2025-04-06,11:37:10,richard20,5001-COGS,3085.24,His dream form senior age.
2025-02-15,18:41:03,mgaines,5001-COGS,33047.26,Adult quality increase benefit success.
2024-10-19,04:46:45,samanthaallen,5001-COGS,41404.9,Five military discussion financial next.
2024-11-18,17:08:42,littlegary,2001-AP,46738.41,Development final check official morning.
2025-01-21,11:05:27,curtisroth,5001-COGS,24655.94,Organization admit former man.
2024-12-25,21:38:08,colemanroger,5001-COGS,30423.25,Prevent career season them main son after.
2024-11-22,17:05:36,joseph07,2001-AP,46289.33,American people plant woman oil begin.
2025-02-22,16:46:11,smithscott,4001-Revenue,25415.15,Degree exactly prevent time.
2024-10-15,15:04:29,morganjaime,4001-Revenue,36014.06,Offer minute series chair sound trip body.
2025-04-01,13:22:14,llevy,2001-AP,46726.97,Today history plan technology degree street.
2024-10-26,18:19:13,kristylittle,3001-Equity,-13422.5,International home play but conference my knowledge.
2025-02-02,00:01:23,anthonywallace,2001-AP,-48608.13,Single prove less change partner.
2025-02-26,05:49:28,ppalmer,3001-Equity,-37641.13,Give matter hour government number either our.
2025-04-02,11:11:03,finleypaul,5001-COGS,17282.84,Seek space business TV.
2025-02-14,04:14:45,jason88,5001-COGS,8456.01,Yard exist professional.
2024-10-07,09:40:22,utaylor,5001-COGS,-39165.39,Piece know show.
2025-01-08,14:55:28,chelsey83,4001-Revenue,-2852.31,Plant start back owner article.
2024-10-29,22:12:55,julienovak,3001-Equity,38423.48,Business born paper wrong notice determine.
2024-11-26,16:56:47,raymond62,3001-Equity,-17199.37,Thousand lot very face society.
2025-04-03,23:37:57,zmiles,3001-Equity,-27863.28,Especially with between thought list enter.
2025-01-22,21:36:22,colemanstephanie,1001-Cash,13540.39,Property sing brother finish run process.
2025-01-20,21:03:45,saundersmichael,2001-AP,40938.76,Civil most player six development chance pass.
2024-11-14,00:00:22,ngalvan,5001-COGS,14923.94,Area technology her evidence subject high.
2025-03-01,02:48:36,rogerjenkins,1001-Cash,-36022.3,Thought situation national seek.
2025-01-01,22:04:01,orodriguez,1001-Cash,-19563.54,Pressure member debate pass image place wonder.
2024-11-16,03:27:43,meredith70,2001-AP,-38387.95,Everyone me thus trouble cut since build safe.
2024-12-08,06:44:10,lovescott,4001-Revenue,38725.93,Rest choice century.
2024-10-13,20:30:22,cooperandrew,4001-Revenue,-11135.42,Physical bag draw series.
2024-11-03,05:51:12,michael21,5001-COGS,17048.62,Make north become until.
2025-01-28,13:30:31,ismith,3001-Equity,-8087.32,Edge likely remember movie executive.
2025-01-12,10:13:32,sara78,4001-Revenue,38541.38,Product few country could take kid direction.
2024-11-27,04:18:01,wellslance,1001-Cash,33369.31,Choose treat decide continue outside fill court.
2025-03-28,22:26:30,katieleon,3001-Equity,-9188.41,Actually officer nor unit many usually turn pass.
2024-11-24,13:30:17,samantha09,5001-COGS,-46728.37,Art produce offer several writer return.
2025-03-14,03:39:04,abowman,5001-COGS,-28273.03,Own dinner sure exactly.
2024-11-24,11:32:15,jared88,2001-AP,45055.52,Quite safe by social check public section.
2025-03-10,12:42:45,richardluna,5001-COGS,-40064.54,Travel admit we western read strategy single.
2024-12-10,04:27:56,kelseymiller,5001-COGS,4446.59,American half that apply.
2025-02-18,23:18:56,justin66,5001-COGS,-43944.99,So interest measure middle.
2024-12-06,05:47:51,josephstewart,5001-COGS,-31019.14,With between difference per perform.
2024-10-09,22:38:03,johnsonstephen,1001-Cash,44901.08,Executive free manage.
2024-10-17,06:40:20,dennisalvarez,2001-AP,-40832.66,Newspaper born fear behind pick.
2025-01-26,11:47:22,jennifer30,4001-Revenue,14170.45,Simply far through point him.
2025-02-03,00:24:12,keithstafford,3001-Equity,47109.33,Enjoy begin treat visit.
2024-11-28,14:44:52,martinsherry,1001-Cash,28679.46,Foot sing brother.
2024-10-08,23:33:27,shelleyjohnson,4001-Revenue,48882.09,Mrs appear join find might point drop story.
2025-03-27,16:03:40,walkeremily,3001-Equity,-29479.44,Forward store usually.
2025-01-11,23:30:27,carrollrobert,3001-Equity,-29284.26,Doctor fund cold wish rich indeed.
2024-12-14,21:29:27,fgreene,4001-Revenue,31305.3,Rule force hear you natural movie with.
2024-12-18,16:35:32,weaverjames,4001-Revenue,-17144.04,Respond response ahead sea however catch.
2025-01-23,18:12:13,yreed,4001-Revenue,28864.38,About sister set.
2024-10-23,11:18:05,nrichards,3001-Equity,-49716.44,Oil human around fall of.
2024-11-14,14:21:59,xcarter,4001-Revenue,48752.73,Prove we us indeed around suggest.
2024-10-20,20:23:54,armstrongwilliam,3001-Equity,-24934.58,Style while design her relate.
2025-02-10,03:20:52,tward,4001-Revenue,-39007.37,Soon get address room.
2025-03-27,20:44:21,richardmathews,1001-Cash,-36819.68,Despite thing fact since involve catch.
2025-03-03,18:00:43,stephanieclark,5001-COGS,28998.47,Draw summer crime foot generation face face.
2025-01-22,18:51:42,yhawkins,4001-Revenue,8885.29,Around determine eye term college technology rest clear.
2024-11-01,13:56:49,nataliekelley,1001-Cash,-32575.38,Available final these recent where debate machine.
2025-03-22,15:14:07,schroederluis,1001-Cash,-37324.15,Executive short friend building.
2025-02-25,11:43:52,daniellemartinez,2001-AP,2608.55,Prove where study pull treat.
2024-10-20,18:47:52,carterjason,1001-Cash,-2375.4,Policy security security dinner turn camera five.
2024-12-19,02:50:06,kimberly53,5001-COGS,1323.8,Couple eat key student claim if.
2025-02-16,06:17:07,michael52,1001-Cash,-4799.46,Account reason call partner onto treat.
2025-02-03,02:37:57,thomas06,4001-Revenue,44541.56,Produce mission table true position key investment.
2024-12-28,06:05:09,tstewart,1001-Cash,22724.3,Easy last college dinner soon material.
2025-02-01,19:31:07,lesliebuck,3001-Equity,-19836.97,More cut race investment up food fire.
2025-01-25,08:38:14,crystal88,1001-Cash,-43917.46,South toward box exactly.
2025-03-31,10:21:35,joetanner,2001-AP,34729.85,Science above person us likely.
2025-01-09,13:24:34,jason90,2001-AP,18609.75,Pay stock executive notice you coach.
2025-03-12,09:48:48,patrickchoi,2001-AP,21240.13,Be government for true same question today.
2024-12-23,05:13:19,qsanford,2001-AP,-42650.93,Audience crime floor relationship pass yeah mother process.
2024-11-20,16:07:04,michelle10,1001-Cash,-17788.82,Position place trip very purpose anything public.
2024-10-11,13:27:19,sarahjohnson,4001-Revenue,-43431.78,Easy pretty inside father democratic model throughout.
2024-12-28,03:37:20,mwright,5001-COGS,12431.75,May Democrat member reach fear.
2025-02-14,23:06:59,carolyn95,3001-Equity,4835.64,Inside within miss paper why play when industry.
2024-12-29,00:00:32,destiny88,5001-COGS,-11909.56,Beautiful focus hand collection do likely management.
2025-02-09,15:27:59,allison92,3001-Equity,3055.68,Each home seat article.
2025-03-03,20:33:21,pamela53,2001-AP,555.11,Do behavior owner natural interest well.
2025-02-06,22:55:37,kvelazquez,2001-AP,-40082.15,Ground many short catch across.
2025-01-01,09:05:01,rebeccagraham,1001-Cash,35279.27,Newspaper nothing low sort easy state shake.
2024-10-22,04:21:51,philipdavid,3001-Equity,22083.99,Radio focus future.
2025-03-31,12:16:18,juliepratt,4001-Revenue,-6993.01,Government effect resource season.
2025-01-02,20:15:04,lindamclaughlin,4001-Revenue,-8618.64,By term affect end role.
2025-02-21,18:03:37,elizabethmartinez,2001-AP,-10126.98,Nature what collection site.
2025-03-22,06:44:27,zcantrell,1001-Cash,-18745.17,Soon staff enjoy including.
2024-11-28,03:40:13,briandavis,5001-COGS,16510.79,Capital star provide reality book house.
2024-10-11,03:04:42,racevedo,5001-COGS,45359.25,Trouble building business season purpose watch nice agency.
2024-10-12,22:19:45,ijones,2001-AP,-43286.67,Game small cost product project project.
2024-10-29,07:31:11,scottpayne,1001-Cash,-40676.99,Money above take way.
2025-02-01,01:21:35,franklee,1001-Cash,24458.9,Option my guy drug arm choose.
2025-02-25,23:14:52,brianstein,5001-COGS,31176.93,Cup listen approach wrong article we.
2024-11-10,04:00:04,calebcardenas,3001-Equity,-44001.9,Matter catch level professional those.
2025-02-16,11:05:27,moorejon,3001-Equity,6168.34,Meet team whom expert.
2025-03-17,02:56:16,scottboone,1001-Cash,-8919.14,Within pass result word.
2024-10-15,13:54:12,victor86,2001-AP,36809.21,Voice maybe media street develop.
2024-10-30,09:35:04,timothy77,1001-Cash,46839.86,Fight there himself specific.
2025-01-16,03:32:02,george37,3001-Equity,-18755.11,Image accept other live ground.
2025-01-10,12:51:09,vasquezedwin,1001-Cash,7791.85,Its American such.
2025-03-09,13:47:09,patelmary,4001-Revenue,-34526.98,Power sound financial discussion.
2024-12-15,02:01:54,keithking,2001-AP,-27575.51,Song job production capital leave.
2025-02-19,01:16:42,bryansmith,1001-Cash,-14988.6,Team page serve.
2024-12-17,16:44:16,lorraine60,3001-Equity,-13243.89,Country national understand ok position.
2025-02-28,06:52:28,victoriaarellano,5001-COGS,7410.0,Treatment cut sound might he wait.
2025-02-26,18:35:11,kimberly65,2001-AP,34515.52,Past character picture over as.
2025-03-22,18:31:30,xsmith,3001-Equity,11357.33,Consider his board news.
2025-02-01,12:23:56,cameron39,3001-Equity,-47374.62,Them military toward.
2025-03-19,03:11:34,cathy35,5001-COGS,-47104.68,Already education none hit chance price.
2024-12-29,01:16:53,josewilson,5001-COGS,20269.88,Character record important lawyer necessary.
2025-01-04,21:38:31,danielbrittany,5001-COGS,42153.75,Value building environment material figure.
2024-11-24,18:37:20,georgejohnson,5001-COGS,-49389.42,Give cut resource set ago usually movement.
2025-01-05,16:41:48,mark77,4001-Revenue,6632.11,Hair animal government whether cover manage.
2024-10-20,14:42:05,christina35,2001-AP,-43041.46,Data child compare pay church.
2024-10-07,05:35:21,meganmiranda,1001-Cash,-40824.23,Respond fight attention main food itself.
2024-11-18,19:36:46,matthew37,3001-Equity,-28486.71,Lead age time similar.
2025-02-27,00:07:15,hudsonmeagan,2001-AP,-4635.42,Green office against knowledge interest.
2024-10-11,18:02:16,ywilcox,4001-Revenue,-12994.69,Available former green art picture almost specific.
2025-01-02,21:24:06,christinerobinson,5001-COGS,27683.56,Office tree simple she.
2024-10-29,04:47:22,mark20,3001-Equity,9622.38,Be card win finally student.
2025-01-05,09:30:52,daniel08,1001-Cash,-34442.01,Approach responsibility plan no.
2024-11-07,04:56:21,silvacaleb,3001-Equity,-45023.75,Each point claim quality.
2024-12-05,14:25:56,danabenton,1001-Cash,-22789.72,Expect especially town run morning challenge morning.
2025-04-01,01:42:59,heather27,2001-AP,-1433.83,Hotel when out enjoy others just.
2024-11-10,20:56:40,margaret86,2001-AP,-8581.63,Seven turn choose.
2025-02-02,05:50:04,deannawalters,4001-Revenue,25494.31,Security him left treatment measure.
2024-12-04,16:48:59,tammy92,1001-Cash,-15482.71,Option might learn tell tell state.
2024-12-23,13:49:10,zlee,1001-Cash,-21675.35,Worry these final with.
2025-03-14,02:13:22,gclark,3001-Equity,-1336.72,Anything ago home network.
2025-02-27,09:28:46,andre73,5001-COGS,-45458.26,Particularly so down recent sign north.
2025-01-05,19:27:39,shaneblair,2001-AP,48444.57,Agency baby detail financial.
2024-12-31,16:47:43,jmedina,1001-Cash,-49231.29,Role might meet cultural main control enough.
2025-02-14,03:14:10,omiller,5001-COGS,44532.41,Stop trade environmental check concern alone.
2024-11-17,00:35:00,samanthajohnson,4001-Revenue,26416.09,Personal together agreement if property material.
2025-02-03,05:28:15,macdonaldnancy,5001-COGS,-17187.76,Address meeting professional religious shoulder.
2025-01-23,22:03:00,sheltonryan,1001-Cash,-261.47,Town side range list right class like.
2025-02-11,00:04:23,guzmantracey,2001-AP,-32430.52,Usually citizen good agency life.
2024-10-21,12:13:48,hstevens,2001-AP,3258.23,History card painting if grow city.
2024-10-19,21:06:18,timothy88,4001-Revenue,26.23,Check strong professional market economic keep police seven.
2025-01-10,00:22:13,badams,5001-COGS,-42792.45,Take property style phone.
2025-02-23,11:37:23,donaldlopez,1001-Cash,-6378.04,Reality within sell adult back.
2024-11-15,03:02:09,garybailey,2001-AP,42116.24,Future lose network sea.
2025-03-19,16:52:07,ctorres,5001-COGS,7575.92,Soldier drop cup sound she sea.
2025-01-13,17:56:44,shannoncooper,3001-Equity,-9557.71,Scientist thing often reduce administration kid.
2024-10-08,19:22:06,hullparker,2001-AP,-21048.48,Me already responsibility benefit.
2025-01-29,04:09:02,wrightricky,2001-AP,-47914.34,Other boy move provide adult sport.
2024-12-11,18:05:20,bharper,5001-COGS,-32812.68,Because establish seem middle free.
2024-11-09,22:37:25,justinponce,3001-Equity,-3990.31,Data argue certainly class gun scientist interview television.
2024-10-12,13:57:25,duncangabrielle,5001-COGS,-41187.01,Respond total different five.
2025-01-13,03:17:26,tiffany56,1001-Cash,-25668.35,Child ahead get budget college summer since.
2024-12-28,06:42:39,gordonjennifer,3001-Equity,-9955.02,Win however sometimes bed yard cover.
2024-11-12,08:13:18,sanchezvernon,1001-Cash,-10423.33,Option food city certainly those decide must.
2024-11-25,14:34:38,carolyndickerson,5001-COGS,24580.48,One moment weight.
2024-11-09,12:36:17,kpadilla,4001-Revenue,-16693.14,Even kid think capital foot hot us.
2024-11-08,18:49:36,wherring,4001-Revenue,-42362.06,Check have just why suggest.
2024-11-06,23:07:00,drichards,1001-Cash,3060.48,Bad report dream film trial.
2024-12-19,07:24:09,marquezhaley,4001-Revenue,40592.27,Decision news many international point happy.
2024-11-13,06:49:41,andrew32,5001-COGS,-14890.03,Course contain anyone describe structure.
2025-03-16,15:38:12,smithsherry,4001-Revenue,-26373.12,Down dinner speech success involve.
2025-01-19,15:31:31,sherry49,4001-Revenue,-24403.18,Report cause first mean boy reach lawyer.
2024-11-12,02:06:52,heather03,4001-Revenue,10239.9,Remain so develop do receive voice.
2025-02-19,23:13:01,david83,1001-Cash,-32285.39,Tv local recently college property none.
2025-04-04,05:53:44,allenbryan,2001-AP,-3604.69,Final out despite range professor range according.
2024-11-02,20:00:04,ernest81,3001-Equity,25987.71,Girl role third.
2024-12-26,10:22:26,william18,2001-AP,18113.35,Day sport necessary.
2024-11-25,02:04:42,callahanandre,3001-Equity,14299.18,Leg bar tonight.
2025-01-27,03:55:16,pwaters,3001-Equity,-17679.18,Month writer base inside entire health alone.
2025-02-03,01:31:13,amandadaniels,5001-COGS,-34904.26,His leave letter data.
2025-03-19,20:57:27,jerry42,1001-Cash,-3107.89,Ever many suggest information throughout.
2025-01-04,15:06:26,phernandez,5001-COGS,29632.97,Ask week author lay now total so should.
2025-01-08,14:24:14,shannon81,3001-Equity,-44382.79,Try seem design find.
2025-03-19,17:12:31,sanchezjennifer,3001-Equity,-42580.93,House such forward type answer house.
2025-03-15,05:48:28,andrea06,2001-AP,-4808.61,Morning reveal system.
2024-10-16,06:55:39,kevinharper,1001-Cash,-13126.24,Heart southern might effect.
2025-01-30,11:53:32,gregory81,5001-COGS,-42326.9,Owner race subject eye since guess glass establish.
2024-12-05,14:36:30,castroangela,1001-Cash,11500.84,Magazine carry dream right adult.
2024-10-17,22:38:40,garciaanthony,3001-Equity,-11551.75,Somebody though fish dark.
2025-02-20,08:45:44,icombs,3001-Equity,5431.64,Young remember buy toward friend too face.
2024-10-22,01:17:19,erin48,1001-Cash,-5026.63,Return somebody per say.
2025-01-10,18:36:08,steven30,3001-Equity,15183.75,Help program machine remain follow director.
2025-02-23,04:03:54,murphymeagan,5001-COGS,10500.58,Office can end around add travel.
2024-11-08,13:31:47,sydneyschneider,3001-Equity,-34913.89,Letter base discover hold weight.
2025-02-19,23:32:12,dorothylindsey,1001-Cash,-4947.69,Between three few store bed up law.
2025-01-04,04:27:21,kelsey10,5001-COGS,48238.56,Computer movie group nice dream clearly.
2025-01-26,10:28:31,aschwartz,1001-Cash,454.9,Development director reflect stuff beautiful.
2025-03-01,16:33:01,gjohnson,4001-Revenue,-46085.79,Interesting receive maintain entire.
2025-01-05,14:22:12,samuelwilliams,2001-AP,49098.6,Kind show place again end ten.
2024-12-01,05:19:19,emily58,3001-Equity,2274.8,Table try subject name face white black.
2025-02-24,16:09:06,qrodriguez,4001-Revenue,-13610.2,Capital speak crime assume parent example.
2025-01-08,20:27:49,nicolesanford,5001-COGS,-11258.34,Box well do.
2024-11-07,12:47:46,wilsonlindsey,5001-COGS,17889.77,Difference community or hard great foreign claim.
2024-11-06,02:08:26,lynnluna,1001-Cash,28922.69,Mission hair mean window.
2024-11-30,19:21:23,kayla17,5001-COGS,-43408.81,Cell give bring bank suddenly term it author.
2024-10-15,16:39:52,andersonmatthew,1001-Cash,5796.32,Western every question community final leg.
2025-01-18,01:22:14,williamsscott,2001-AP,-21585.3,Know close common star state voice network.
2025-02-19,16:12:06,zbrown,3001-Equity,37327.97,Cause possible for life as.
2025-02-12,01:45:50,edwardsdylan,5001-COGS,-41849.8,Teacher strategy behind care mention perform technology.
2024-12-17,06:01:09,westnicole,4001-Revenue,41674.65,Reduce establish interest over generation water.
2025-03-15,07:36:51,mgonzalez,5001-COGS,46769.65,Spend high former point.
2025-03-19,16:06:13,melissaray,2001-AP,-37104.83,Represent answer despite.
2025-02-02,13:37:56,amberprice,1001-Cash,-19041.81,Side perform sit outside land interview.
2024-11-28,17:48:24,julia53,2001-AP,14349.33,Get language blue thing happen.
2025-03-16,17:29:27,jerry03,5001-COGS,31318.48,Information plan guess way edge price ahead.
2025-01-09,19:26:04,sphillips,3001-Equity,-40654.7,By if interesting when choose.
2025-03-26,19:58:31,lbeck,2001-AP,848.85,Run eat back.
2025-02-07,06:31:51,butlerjody,1001-Cash,-13740.23,Season list look because protect.
2025-02-19,12:20:36,michaelanthony,4001-Revenue,45116.93,Somebody wide hear push culture worker study.
2024-11-12,19:02:50,richardfox,5001-COGS,44766.83,Land network attorney at world fact.
2025-02-24,09:57:35,lisa27,2001-AP,-30799.48,Early party Congress reach.
2025-01-24,19:07:35,maymichael,4001-Revenue,-34505.48,Democrat right father style edge environmental five.
2025-01-21,13:31:35,qgreen,5001-COGS,34442.84,Difficult foreign discuss style government.
2024-11-26,19:47:41,marybell,1001-Cash,768.97,Enter business yet cell.
2025-03-11,08:11:04,zsmith,3001-Equity,33511.98,Theory key simple agreement forget we subject.
2024-10-15,23:50:33,sharon84,3001-Equity,-46225.25,Probably contain sort low respond care resource.
2024-11-02,12:22:24,dianejohnson,5001-COGS,37639.28,Inside heart standard six various.
2024-10-16,13:23:30,zmoore,3001-Equity,-36895.1,Floor nor within culture amount religious.
2025-02-05,08:02:47,dawsonmatthew,2001-AP,-34574.72,Whole far smile security fly.
2025-01-01,15:10:31,wadams,4001-Revenue,33134.51,Ability boy three.
2024-11-16,23:04:23,patriciavaughan,3001-Equity,30904.37,Economy recognize identify style but television remain.
2024-10-22,01:14:19,robert57,4001-Revenue,22118.3,Page try political sing citizen.
2025-03-22,14:23:51,barnettbrad,1001-Cash,-8914.14,Let south easy building.
2025-03-21,23:59:38,ithomas,4001-Revenue,46958.86,Thousand magazine tree Mrs.
2025-03-17,04:37:37,amandalawson,3001-Equity,-21507.21,Politics fine step never computer nice.
2025-04-03,12:20:50,hfernandez,2001-AP,-26599.71,City human stage moment story to.
2025-02-05,06:10:41,atkinsondavid,4001-Revenue,-19053.21,Use Congress happen stand daughter.
2024-12-05,04:25:26,kirbylauren,2001-AP,40397.43,Suffer then fear check though paper detail.
2024-10-29,12:17:39,sally40,4001-Revenue,-13215.9,Table state behavior purpose laugh same we.
2025-03-09,22:51:58,collinstheresa,3001-Equity,48443.98,Financial society whole along wait hear.
2025-03-18,19:08:47,alvinobrien,2001-AP,26943.86,Simply camera true specific wall simply.
2025-04-06,04:44:32,robert72,2001-AP,290.67,Theory contain issue war music move information.
2025-03-27,09:28:13,rachelnichols,2001-AP,46626.82,Care feel evening image through entire future.
2025-02-22,05:49:46,leemeghan,4001-Revenue,30125.92,Window strategy pretty sense nature cause.
2025-02-02,20:54:37,barrettvalerie,4001-Revenue,37300.19,People say during just customer.
2025-03-14,04:24:50,michaelrowe,1001-Cash,14117.9,Control low baby community page along.
2024-11-27,18:43:55,christopher41,5001-COGS,5454.07,Floor quality business provide.
2024-11-02,07:36:19,richard19,1001-Cash,21140.1,Manage true else poor heart wide.
2024-10-06,16:48:19,proberts,3001-Equity,35116.6,Story a interview bad at begin perform.
2025-03-21,13:12:12,meghanbarry,5001-COGS,-41612.49,Conference only friend message finish rate for.
2024-10-27,00:08:43,sheltonkimberly,4001-Revenue,-22720.87,Show weight financial television share whole chair.
2025-02-19,21:50:02,johnsonjeffrey,3001-Equity,-35265.13,Fall within civil off.
2024-10-11,16:12:46,bookerstephanie,2001-AP,-40828.64,As herself do carry tell in.
2024-11-05,02:51:39,millerstephanie,4001-Revenue,31670.33,Yourself think stay meet.
2025-04-06,07:17:16,stephanie22,5001-COGS,43047.19,Cause event court.
2025-01-21,06:31:10,michael31,2001-AP,-44674.31,Rest fight again capital per.
2025-01-29,21:47:50,langjennifer,3001-Equity,-12603.85,Land factor kind.
2025-03-26,18:08:55,tscott,2001-AP,49452.54,Also establish team too use know.
2024-10-29,07:33:59,vancenicole,5001-COGS,-27546.12,Explain professor main resource man necessary happy.
2025-01-11,21:55:11,ahoffman,5001-COGS,43082.59,Ask threat right unit policy beat.
2025-01-03,01:57:38,richard80,5001-COGS,29138.06,Capital else process defense top gas part religious.
2024-11-23,04:44:23,christinemorgan,4001-Revenue,-46169.68,Oil floor seat PM subject end analysis.
2025-03-03,13:38:21,qbauer,2001-AP,19607.2,East ability create who environment.
2024-12-22,12:56:54,qsmith,4001-Revenue,25884.12,Positive her protect seem.
2025-01-10,22:48:24,brittanyjones,2001-AP,-5139.85,Politics my conference deal born.
2025-01-09,00:50:54,xmartin,1001-Cash,40585.75,Student seek response short most boy poor.
2024-12-07,17:43:54,matthewdavis,1001-Cash,-24407.61,Her president personal may.
2024-10-10,06:46:37,jorgejacobs,4001-Revenue,4880.42,Drive cut natural term arm table.
2025-01-23,18:12:30,williamsmichael,3001-Equity,2777.15,Foot dream market.
2025-01-16,23:02:43,johnjohnson,1001-Cash,27617.26,Career poor suddenly.
2024-12-06,13:25:51,smithangel,4001-Revenue,-19884.88,Red animal much artist wide fast defense.
2025-01-29,13:53:22,lawrence29,1001-Cash,-26156.05,Agency level break someone service.
2024-10-23,07:21:08,nguyennorma,3001-Equity,-4288.64,Mission blood stock responsibility newspaper rule.
2024-10-07,03:22:33,nicole48,1001-Cash,33668.77,Oil treatment indicate worker.
2025-02-03,04:04:54,suzanne43,2001-AP,9673.9,Indicate cut citizen.
2024-11-03,07:06:37,michelle06,1001-Cash,13195.49,Know model two its third.
2024-12-21,03:55:29,jordanjames,3001-Equity,-25806.19,Daughter attention yeah none something.
2024-11-01,18:22:21,david66,4001-Revenue,-20872.8,Age add along.
2025-01-15,13:44:52,janice76,1001-Cash,11480.96,Word professor section popular.
2025-03-15,17:02:11,davisrodney,4001-Revenue,7066.37,Reality discussion order focus management leg responsibility.
2024-12-09,20:09:28,donaldclark,4001-Revenue,16437.13,Sort provide live method participant when.
2024-11-05,12:13:41,davidmorales,1001-Cash,2348.46,Again sport box care five.
2024-10-31,08:03:52,jonestodd,5001-COGS,-43232.07,Television nature lot word bed.
2025-01-11,14:25:53,hendersonmelissa,3001-Equity,4408.2,Tree news perhaps generation letter source hear.
2024-10-12,07:27:42,shirley41,3001-Equity,5415.2,Kid onto six office tax family.
2024-10-06,22:28:26,michael72,2001-AP,37333.14,When statement phone why.
2024-11-06,07:01:06,bennettmorgan,1001-Cash,13567.08,Company or early door old.
2025-01-17,07:15:58,pwilliams,5001-COGS,-24634.97,Parent hot two result risk sport decade win.
2025-03-10,21:40:15,blankenshiplucas,1001-Cash,-14290.61,Read reach space.
2024-12-20,17:53:38,sheila41,1001-Cash,-15519.75,Magazine many area call reflect.
2024-11-14,08:10:12,mwright,1001-Cash,27150.14,Agreement red support sense purpose performance.
2025-02-12,09:12:28,nataliepatel,5001-COGS,-36659.04,Us idea wind himself since product common take.
2025-01-02,18:01:41,wbender,5001-COGS,4601.37,Right close summer someone full fish financial.
2024-11-30,19:08:17,dcooper,4001-Revenue,33038.37,Eat evening benefit amount responsibility speech.
2025-02-28,12:31:15,rachelsanders,2001-AP,48081.92,Different field commercial same edge happy.
2025-03-27,01:02:17,qwaters,2001-AP,13173.58,Prove some book back.
2025-01-29,14:13:00,kimmichael,4001-Revenue,-43689.95,Place safe though agree wall spend.
2024-11-26,23:38:39,clopez,2001-AP,-46301.62,Small care sing window fill feeling.
2024-11-22,12:36:30,johnfowler,4001-Revenue,-45619.37,Change believe team brother tough.
2025-01-17,03:23:23,ellisheather,4001-Revenue,38579.04,Later offer half community turn.
2024-11-12,18:00:31,xcohen,5001-COGS,43337.1,Night behind religious eight item.
2025-01-08,14:46:05,hesteralicia,3001-Equity,-10177.59,Begin might piece example work.
2025-03-13,17:46:07,tylerhowell,3001-Equity,-2660.02,Sing live account house white eat animal.
2024-11-14,13:02:02,davidtrevor,1001-Cash,25329.09,Land agree significant.
2025-04-06,08:10:44,rachel61,4001-Revenue,-21388.91,Fight enter nation become doctor.
2024-11-03,03:10:57,nathan78,1001-Cash,36579.83,Nice land newspaper than someone everything write.
2024-10-06,14:31:43,emalone,5001-COGS,-22678.34,Should page garden election last international upon.
2024-12-02,12:11:20,hansentina,5001-COGS,-6304.86,Increase consumer hot whom production successful.
2025-01-25,11:19:23,jbrown,2001-AP,24330.77,Probably eight pull city happy more.
2024-10-11,00:05:27,cjones,2001-AP,-16096.34,Sign sense fall relationship officer hear later.
2025-03-21,21:14:19,wmartinez,4001-Revenue,-379.68,Stand say draw sometimes.
2024-10-12,21:38:42,erinmayer,2001-AP,-13265.31,Perform toward reach ahead high occur.
2024-12-25,07:42:39,karen89,3001-Equity,-23327.93,Language even middle record kid attack edge.
2025-03-09,11:29:53,justin15,1001-Cash,22708.13,Race will rise.
2024-12-14,18:21:58,mcculloughmary,1001-Cash,-6939.28,Pick out seek budget situation.
2025-04-05,05:22:33,prestonjoseph,4001-Revenue,4547.44,Role character well attention.
2024-10-07,09:24:25,qgray,5001-COGS,-39740.21,Fund sense agent answer card chair there.
2024-10-19,05:54:48,lawrencecruz,5001-COGS,16091.92,Book discover career quickly.
2024-11-25,13:13:16,vhiggins,5001-COGS,-5408.42,Meeting rule prove term system.
2024-12-20,01:18:42,danielcombs,2001-AP,-33335.52,Often ahead operation after will.
2024-11-21,23:08:43,jacqueline09,2001-AP,-14845.3,Book during strategy reveal.
2025-03-25,19:33:00,thomasderek,1001-Cash,22681.44,No glass someone make former without.
2024-11-24,21:43:10,rodriguezsteven,5001-COGS,11485.15,Continue leader change other thought style state.
2025-02-21,17:51:42,phylliscarter,2001-AP,-22544.46,State better budget home different interesting half.
2025-03-20,06:26:54,moorebryan,1001-Cash,-42495.88,Alone discover during surface foot.
2025-01-21,09:01:55,jasonwells,2001-AP,-13668.89,Space may education.
2025-01-25,05:22:41,mccarthyjoshua,4001-Revenue,45278.94,Nice see will.
2025-02-25,11:54:01,marcusgarcia,4001-Revenue,34866.93,Describe total join yourself pick type those above.
2025-02-18,05:45:43,kelsey59,2001-AP,-46520.1,Take both ball.
2024-11-07,07:04:45,sarah80,1001-Cash,-26400.46,Whole near grow.
2025-01-21,21:26:28,jill47,5001-COGS,-13784.94,Theory idea citizen east interest.
2024-10-07,23:55:19,katie73,3001-Equity,-46761.47,Record wall maybe eat job.
2024-10-11,13:41:31,stricklandbilly,4001-Revenue,17906.21,So themselves improve stay role size.
2024-12-18,22:01:01,myu,5001-COGS,-12798.66,Dog professor operation direction be cold.
2025-02-16,15:46:43,keithjackson,1001-Cash,7392.18,Friend inside large international expert why.
2024-10-08,06:37:29,bradleyhunter,3001-Equity,-13305.01,Major say collection money voice.
2025-01-31,08:42:18,gmata,5001-COGS,14956.07,Remember system arrive citizen contain.
2024-10-13,10:40:17,victor05,4001-Revenue,46052.01,Open myself region believe Mrs.
2024-11-01,20:44:22,davidsonmalik,1001-Cash,23567.49,Name oil part oil relate career.
2025-01-27,19:01:09,campbellcorey,2001-AP,1774.53,Study whose marriage per inside.
2024-12-11,07:44:52,alex35,3001-Equity,-38223.9,Morning floor generation.
2024-10-31,04:51:30,cruzhannah,5001-COGS,20403.78,Because source economic.
2025-01-09,17:26:57,evansjason,4001-Revenue,49636.51,Tough accept safe letter protect.
2025-01-16,14:47:35,robinporter,5001-COGS,19398.06,Investment baby watch general guy large store.
2025-02-09,18:53:47,nicholaskline,2001-AP,-29982.17,Ahead those popular think force.
2024-10-31,15:59:28,theresa00,4001-Revenue,35282.63,Former fill approach forward bag claim.
2024-11-07,20:17:50,brettwebb,2001-AP,-32734.36,Central individual better rule.
2025-02-02,23:58:46,gphillips,2001-AP,49726.24,Local story common middle road general body.
2024-11-11,01:04:01,wlittle,5001-COGS,16783.98,Knowledge event upon carry face usually radio.
2025-02-21,06:19:09,veronica44,1001-Cash,4999.71,Professor public develop or item security daughter.
2025-03-06,08:50:03,lynn96,5001-COGS,39133.17,Management study loss summer stock.
2025-01-24,16:04:53,kevinphillips,4001-Revenue,21180.91,Could firm weight head hand.
2025-03-08,19:22:06,michael52,4001-Revenue,29369.64,Similar thus political popular usually peace.
2024-10-29,11:55:25,nicolebaker,3001-Equity,-27575.84,Around American parent I mind institution federal.
2024-10-27,12:45:11,jamesbaxter,4001-Revenue,29206.57,Picture huge second deal east decide.
2025-01-08,07:53:12,bradshawdaniel,4001-Revenue,29037.31,Hour speech parent choose.
2024-10-18,12:28:54,laurenhaas,1001-Cash,-13910.35,Camera big check difficult how woman often.
2025-01-03,04:11:36,murraycharles,3001-Equity,-13108.88,Various quite enter federal cultural hotel.
2024-12-27,07:05:55,brooksheather,3001-Equity,-37022.88,Property yes behind future economy national.
2024-11-17,19:24:27,ryanmiller,1001-Cash,-43425.19,Affect local decide drug husband strong win.
2024-10-25,03:47:35,cooperashley,2001-AP,49959.5,Product end address vote.
2024-12-01,21:19:51,tuckercorey,2001-AP,2569.57,Activity American condition.
2024-11-14,02:52:13,greyes,2001-AP,32333.94,Support chance group.
2025-03-24,22:24:55,laurie09,1001-Cash,-37467.32,It she home garden most popular war there.
2025-03-24,00:23:41,gturner,5001-COGS,14233.86,However newspaper fear respond.
2024-11-10,22:20:27,vjordan,2001-AP,-3416.68,Center low power some clearly.
2024-12-19,20:42:02,hnorris,3001-Equity,-15548.52,Financial open late score.
2024-11-01,17:12:08,thomas83,3001-Equity,13979.39,Need professor positive teach maintain.
2024-11-10,07:46:01,troymorales,4001-Revenue,26778.16,Artist adult cold fund cup.
2024-12-29,03:44:56,dnelson,4001-Revenue,-6738.17,Least series film still we watch.
2024-11-18,21:13:41,qhernandez,1001-Cash,33139.08,Clearly finish energy.
2024-10-28,13:46:39,keithfigueroa,3001-Equity,-34698.45,It resource result thus.
2024-11-30,10:19:53,tomgarcia,4001-Revenue,-33803.3,More no option find.
2024-11-15,02:14:09,christopherbaker,4001-Revenue,-15397.69,More out especially continue.
2025-01-23,10:00:16,kathy45,3001-Equity,39492.59,Maintain be let nothing employee voice back.
2024-12-28,08:32:50,justinrichardson,1001-Cash,-24939.47,Administration feel each there.
2024-12-04,22:19:27,barrymcdaniel,3001-Equity,-22554.9,Explain camera majority clearly.
2025-02-08,01:12:44,nathanwaters,5001-COGS,11442.83,Build really still.
2025-01-31,23:21:28,anthony55,1001-Cash,257.31,Eye right meeting nation number.
2024-11-27,00:04:00,walshrichard,4001-Revenue,9180.84,Last detail compare garden hundred.
2025-03-13,20:14:16,arthurmiles,3001-Equity,-34580.57,Vote help impact question a raise.
2025-01-15,11:03:46,foxisaac,3001-Equity,22063.28,Water public room.
2024-12-11,15:25:27,tracygrant,3001-Equity,-16238.04,Service music account give.
2024-12-30,20:42:52,farmerkristina,3001-Equity,-45880.57,Treatment discuss ball human growth describe.
2024-11-29,23:31:17,dknox,1001-Cash,-41877.71,True financial scientist relationship.
2025-03-31,11:58:59,steve95,3001-Equity,-23534.41,When story argue mention media offer.
2024-11-16,15:50:18,alexandria18,4001-Revenue,26695.9,Or money town similar management firm business worker.
2025-02-23,17:14:10,julie27,2001-AP,11810.84,Lay way kitchen great east no.
2024-11-08,15:46:12,bschroeder,1001-Cash,-196.19,Part everyone risk choice election.
2024-11-29,03:54:25,megan82,3001-Equity,-21032.83,Boy daughter add something national certainly purpose.
2024-10-30,13:44:26,johnsonmichele,5001-COGS,-1705.52,Deal for bag value old rule simply.
2024-11-25,14:45:09,eroberson,2001-AP,-20256.61,Conference author industry per science kind.
2024-11-15,08:39:47,hartanthony,1001-Cash,18861.36,Air north statement will.
2025-02-09,02:55:59,egardner,4001-Revenue,-6039.45,Upon activity general here go smile.
2024-10-10,20:46:13,ishannon,2001-AP,-3555.78,Product leave young course chair front inside.
2024-11-09,21:32:19,nwillis,5001-COGS,10666.03,Analysis line society husband travel.
2025-02-07,15:31:05,vwoods,5001-COGS,36148.51,Mrs sister ask audience peace.
2025-03-27,23:08:31,chloemiller,5001-COGS,23419.98,Rate us contain give manage beat guy real.
2024-12-21,23:18:22,ashleyreid,5001-COGS,47537.41,Would owner yard through may key.
2025-02-27,12:12:36,margaret84,4001-Revenue,26066.5,Return send watch.
2024-10-20,07:36:02,stricklandnichole,3001-Equity,6165.12,Would new will fall.
2025-01-10,02:31:47,valerie83,5001-COGS,-25826.21,Without argue popular list.
2024-11-24,10:10:11,rgraham,1001-Cash,-23252.83,Where consider college place exist.
2025-02-16,05:11:39,mark94,4001-Revenue,-35912.24,Explain business now whose.
2024-10-11,01:08:24,xjohnson,1001-Cash,-20978.8,Then chair item relate mind.
2025-01-27,07:40:38,ichoi,2001-AP,36416.39,Strategy get example police mission others.
2025-01-11,06:30:58,lynnparker,2001-AP,-25172.97,Training rest audience suddenly last story.
2025-03-03,10:01:58,ronaldjohnson,4001-Revenue,31347.78,Surface brother administration might.
2024-12-12,22:41:44,alyssa32,3001-Equity,22112.84,Political help window consumer difference.
2024-10-24,01:17:47,michellebrown,4001-Revenue,26312.14,Land determine phone send thus country.
2024-11-22,08:06:21,martinvaldez,2001-AP,49596.94,Table game west.
2024-10-24,17:29:11,julie67,2001-AP,-124.03,Poor interest heart still firm.
2025-03-18,03:40:53,diane77,5001-COGS,-262.97,Example Congress control stop growth.
2025-01-11,20:14:46,michael26,1001-Cash,44523.28,Laugh soldier conference term piece democratic.
2024-11-14,18:49:44,christopher15,3001-Equity,-4276.94,Stay door suddenly point method.
2024-10-13,15:41:40,bryankristin,4001-Revenue,-28485.56,All again local throw little.
2025-03-12,12:07:10,heather23,5001-COGS,-45134.19,Need mission message policy maybe each local.
2025-03-04,04:31:51,perezdaniel,5001-COGS,-510.58,Tend between onto according structure teach.
2024-12-27,19:12:21,jordannguyen,2001-AP,-21425.16,Sure be pattern yet executive stand nature.
2024-10-30,20:39:44,michaeldavis,1001-Cash,34717.24,Method throw never eye buy full sister by.
2024-10-20,03:06:07,pmarsh,2001-AP,-36606.51,Future recently despite economy compare security.
2025-03-12,13:28:30,emartinez,5001-COGS,22750.81,Also TV else today then build.
2025-01-03,22:32:22,jvillanueva,2001-AP,-13406.26,World late seat quickly.
2024-10-24,05:52:18,amanda99,2001-AP,-44884.23,Bed investment enough message.
2025-01-27,14:50:11,joannjoseph,3001-Equity,-30534.47,Ball consumer large space yeah toward benefit.
2025-03-05,00:03:48,mackamy,3001-Equity,-21139.83,Sit force another for fight.
2025-02-03,00:35:02,pjones,2001-AP,425.55,Glass age address away.
2025-01-23,08:18:22,harrisjohn,3001-Equity,-22027.93,Pick successful gun mention.
2025-03-17,18:14:11,eddie38,3001-Equity,18039.86,Piece really art of.
2025-01-18,11:42:48,april53,1001-Cash,-37133.66,Way north seek forward husband.
2025-02-03,18:42:39,meredith74,1001-Cash,-10609.63,Step serious tell her.
2025-01-15,18:35:44,michael14,5001-COGS,5783.18,Five item whether to picture.
2024-12-22,15:58:30,garciajeffrey,5001-COGS,25496.52,Day write impact sell push police once.
2024-12-21,02:16:18,alberttorres,4001-Revenue,10246.3,Especially hope up accept authority environment very.
2025-03-11,01:54:35,brewerjamie,2001-AP,7.79,Word look key.
2024-11-04,03:27:18,powersheather,1001-Cash,-46108.6,Inside wind along recently then major pattern.
2025-01-22,18:01:28,mariamiller,5001-COGS,30396.59,Fine spend maintain play.
2025-01-29,03:22:13,kellycynthia,3001-Equity,-4301.14,Security cultural state doctor experience this.
2025-01-27,16:53:09,andrewday,3001-Equity,39313.17,Throughout near man fear it country from.
2025-01-30,12:35:52,veronica55,4001-Revenue,-17203.42,Concern increase option deal stop pull staff.
2025-03-06,10:57:02,donna59,3001-Equity,-18147.0,Course why experience factor audience art.
2024-12-21,06:46:50,sarahlee,2001-AP,49061.57,Meet tax member thus.
2025-02-18,14:36:48,maryalexander,5001-COGS,9372.47,Enough region similar professor drug.
2024-10-06,19:10:18,valexander,3001-Equity,32828.94,Lead financial choice among long area performance.
2024-11-22,07:04:47,haley23,3001-Equity,-1015.33,Bad body set radio politics whose.
2024-12-27,18:10:20,gary34,3001-Equity,-20020.94,Tell never morning still white wish both.
2024-10-22,10:58:59,mgreen,1001-Cash,-13164.22,Example work name three question accept learn laugh.
2025-02-12,22:48:08,debrarichardson,1001-Cash,47989.8,Carry either develop spend.
2025-03-28,04:46:59,ireed,3001-Equity,-19232.22,Everyone growth keep process minute fear throughout.
2025-01-23,17:32:20,wmiller,1001-Cash,9690.96,Almost price shake positive certain oil.
2024-11-11,12:24:55,kbartlett,5001-COGS,46707.07,Seat teacher couple stand party if bad responsibility.
2025-01-03,15:09:16,angela22,3001-Equity,7763.44,Society him interview our federal cause.
2024-12-07,16:18:28,anthonyrobbins,1001-Cash,8352.33,Finish task listen heart strong land.
2025-02-25,03:45:18,twilliams,4001-Revenue,2423.23,Physical partner song increase business single.
2024-11-03,23:28:47,nwilson,3001-Equity,27460.61,Agreement employee such nice technology name.
2025-03-21,11:50:50,emily39,2001-AP,-35222.43,Message quality small product.
2025-02-18,00:32:24,gturner,4001-Revenue,-46842.95,Degree actually then agency.
2024-10-16,11:55:19,karen17,1001-Cash,-30921.57,Little practice eat by but until.
2024-10-22,14:00:22,gomezlawrence,2001-AP,-18630.75,Bad together they maybe herself fine.
2024-11-07,18:28:25,qkane,4001-Revenue,-8703.99,Fact eight people from partner.
2025-01-27,16:55:01,tchase,4001-Revenue,-8962.26,Yes yeah final recently miss option crime.
2024-10-09,11:06:18,krystal94,3001-Equity,42052.09,Political dinner compare he probably.
2024-11-03,18:51:35,smalone,1001-Cash,20577.52,Later either back leave level low include us.
2025-01-15,08:30:37,bartlettlucas,3001-Equity,-29265.83,Back lead size house imagine sing available.
2024-12-12,09:54:25,javiergarcia,5001-COGS,49812.29,President song give small a rise finish.
2025-01-28,11:40:28,johnsonjennifer,2001-AP,2547.72,Skin pull room your.
2024-12-01,02:57:26,james31,5001-COGS,45668.55,Year stock if board.
2024-12-01,16:58:45,omurray,2001-AP,41212.42,Address late quickly red focus scientist blood.
2024-11-30,17:10:23,tesparza,5001-COGS,4627.32,Though bring any will.
2024-11-29,13:47:29,nfrancis,5001-COGS,11007.66,Consider per follow instead without themselves list father.
2024-12-14,03:15:51,heather69,4001-Revenue,45733.74,Special arm success various.
2024-10-11,09:33:33,robertthomas,5001-COGS,5808.67,Themselves visit employee catch determine option.
2025-03-24,18:53:16,ashley99,4001-Revenue,44148.55,More democratic call respond maybe seven.
2024-12-14,11:32:57,sheila45,5001-COGS,27117.43,Responsibility particular evening although example you.
2024-12-31,06:22:08,smithjohn,4001-Revenue,19023.99,Rock world carry usually region.
2025-03-25,07:23:52,jmcmillan,2001-AP,-18295.93,Local air Congress participant every.
2024-11-18,09:37:56,barbara56,5001-COGS,6048.76,Quickly special major community practice.
2024-10-29,05:05:30,gmiller,5001-COGS,-21221.06,Do partner material.
2025-02-24,04:18:28,nsmith,3001-Equity,17662.22,Take same amount standard say.
2024-12-17,17:00:35,ashleymckinney,2001-AP,39576.05,Way art population organization team his.
2024-12-09,15:16:31,shellyhoward,2001-AP,31837.75,Leg fight a letter candidate figure about.
2025-03-09,19:34:09,edwin87,4001-Revenue,-20954.73,Charge grow war government meet.
2025-03-07,03:22:13,raymond81,5001-COGS,45531.37,Hair allow child religious.
2024-11-16,10:16:36,watersheather,1001-Cash,-15363.65,Girl bed option.
2024-12-08,15:43:53,zchapman,2001-AP,15597.21,Drug water player write loss suffer customer his.
2024-12-17,01:17:17,lmalone,2001-AP,-28601.32,Only claim cost TV far.
2025-01-31,11:35:49,johnsondaniel,3001-Equity,-22886.73,Leg central less challenge generation wife.
2025-02-26,21:02:55,sheila60,3001-Equity,19617.13,Area indicate natural type down cup view.
2024-12-20,08:10:40,johnsonsarah,4001-Revenue,-39077.34,Those tax until.
2024-11-05,09:17:50,ricky47,3001-Equity,-26071.79,All gas big those.
2025-02-10,11:12:18,susanallen,1001-Cash,16983.4,Live structure natural occur material by mouth school.
2025-03-19,03:42:28,fmaynard,3001-Equity,-27432.84,Society film recently arm travel and month.
2025-02-06,00:53:49,joshua57,4001-Revenue,-44750.89,Form fight top candidate difficult.
